Date_x,Site_ID_x,Cycle_sequence,Combined_DateTime,Planned_ cyclelength,Actual_ cyclelength,Required_ cyclelength,DS,Strategic_ approach_control_cy_time,Subsystem_No,Stretched_ phase,A,B,C,D,E,F,G,Rounded_Time,Date_y,Site_ID_y,Error,2368-1,2368-10,2368-11,2368-12,2368-13,2368-14,2368-15,2368-16,2368-17,2368-18,2368-19,2368-2,2368-20,2368-21,2368-22,2368-23,2368-24,2368-3,2368-4,2368-5,2368-6,2368-7,2368-8,2368-9
2023-08-03,2368,1,2023-08-03 00:00:00,60,60,60,16,20,6,A,178.0,1.0,1.0,17.0,19.0,14.0,,2023-06-02 00:00:00,8/03/2023,2368,False,4,7,23,27,1,12,2,2,7,5,6,1,1,0,85,2,1,11,16,0,20,120,23,9
2023-08-03,2368,6,2023-08-03 00:05:00,60,60,60,27,20,6,A,176.0,1.0,1.0,19.0,19.0,14.0,,2023-06-02 00:05:00,8/03/2023,2368,False,13,4,17,16,1,7,1,6,11,4,3,2,0,0,32,4,0,8,13,0,6,30,17,13
2023-08-03,2368,11,2023-08-03 00:10:00,60,60,60,29,20,6,A,176.0,1.0,1.0,19.0,19.0,14.0,,2023-06-02 00:10:00,8/03/2023,2368,False,19,8,12,21,3,5,3,8,6,13,2,2,0,0,35,1,0,12,8,0,4,28,20,8
2023-08-03,2368,16,2023-08-03 00:15:00,60,60,60,28,21,6,A,176.0,1.0,1.0,19.0,19.0,14.0,,2023-06-02 00:15:00,8/03/2023,2368,False,4,3,22,7,0,7,5,7,6,4,7,3,0,0,33,5,1,9,15,0,3,24,23,10
2023-08-03,2368,21,2023-08-03 00:20:00,60,60,60,28,24,6,A,178.0,1.0,1.0,17.0,19.0,14.0,,2023-06-02 00:20:00,8/03/2023,2368,False,6,4,10,12,1,5,3,14,15,7,4,2,0,0,29,10,1,8,11,0,3,25,18,6
2023-08-03,2368,26,2023-08-03 00:25:00,60,60,60,16,20,6,A,178.0,1.0,1.0,17.0,19.0,14.0,,2023-06-02 00:25:00,8/03/2023,2368,False,4,8,11,5,1,6,2,4,4,6,3,1,0,1,32,2,0,9,8,1,4,29,14,13
2023-08-03,2368,31,2023-08-03 00:30:00,60,60,60,45,21,6,A,178.0,1.0,1.0,17.0,19.0,14.0,,2023-06-02 00:30:00,8/03/2023,2368,False,3,4,8,6,0,4,1,3,7,4,3,0,0,1,35,4,0,11,16,1,7,29,30,13
2023-08-03,2368,36,2023-08-03 00:35:00,60,60,60,12,20,6,A,180.0,1.0,1.0,15.0,19.0,14.0,,2023-06-02 00:35:00,8/03/2023,2368,False,2,6,7,9,0,9,1,7,9,4,1,0,0,0,53,4,0,8,5,0,2,48,20,19
2023-08-03,2368,41,2023-08-03 00:40:00,60,60,60,20,24,6,A,180.0,1.0,1.0,15.0,19.0,14.0,,2023-06-02 00:40:00,8/03/2023,2368,False,2,8,13,10,1,8,4,6,8,3,2,0,0,0,37,4,0,7,14,0,7,27,17,18
2023-08-03,2368,46,2023-08-03 00:45:00,60,60,60,28,24,6,A,180.0,1.0,1.0,15.0,19.0,14.0,,2023-06-02 00:45:00,8/03/2023,2368,False,2,6,13,8,0,2,3,7,4,5,7,0,0,0,48,1,0,4,15,0,6,55,18,18
2023-08-03,2368,51,2023-08-03 00:50:00,60,60,60,22,24,6,A,180.0,1.0,1.0,15.0,19.0,14.0,,2023-06-02 00:50:00,8/03/2023,2368,False,7,6,5,8,4,3,4,7,3,0,5,1,2,0,54,2,1,10,17,0,0,65,24,5
2023-08-03,2368,56,2023-08-03 00:55:00,60,60,60,28,21,6,A,180.0,1.0,1.0,15.0,19.0,14.0,,2023-06-02 00:55:00,8/03/2023,2368,False,8,4,11,10,3,12,0,4,3,5,2,0,1,0,48,1,3,7,7,0,3,87,20,9
2023-08-03,2368,61,2023-08-03 01:00:00,60,60,60,15,20,6,A,182.0,1.0,1.0,13.0,19.0,14.0,,2023-06-02 01:00:00,8/03/2023,2368,False,5,2,12,7,8,4,0,1,3,4,3,0,3,0,70,1,1,7,8,0,4,101,17,10
2023-08-03,2368,66,2023-08-03 01:05:00,60,60,60,12,20,6,A,182.0,1.0,1.0,13.0,19.0,14.0,,2023-06-02 01:05:00,8/03/2023,2368,False,9,8,6,5,9,2,1,3,3,1,8,1,6,0,63,1,3,4,12,0,5,73,12,14
2023-08-03,2368,71,2023-08-03 01:10:00,60,60,60,14,25,6,A,182.0,1.0,1.0,13.0,19.0,14.0,,2023-06-02 01:10:00,8/03/2023,2368,False,12,3,10,7,1,1,1,4,12,6,7,0,1,0,56,4,3,4,12,0,12,63,22,6
2023-08-03,2368,76,2023-08-03 01:15:00,60,60,60,9,25,6,A,182.0,1.0,1.0,13.0,19.0,14.0,,2023-06-02 01:15:00,8/03/2023,2368,False,11,1,11,10,2,6,2,2,8,5,8,0,2,0,54,2,1,7,8,0,13,86,14,7
2023-08-03,2368,81,2023-08-03 01:20:00,60,60,60,27,25,6,A,182.0,1.0,1.0,13.0,19.0,14.0,,2023-06-02 01:20:00,8/03/2023,2368,False,1,0,2,9,2,4,4,7,10,6,1,1,2,0,81,9,0,3,6,0,12,101,24,13
2023-08-03,2368,86,2023-08-03 01:25:00,60,60,60,21,20,6,A,182.0,1.0,1.0,13.0,19.0,14.0,,2023-06-02 01:25:00,8/03/2023,2368,False,3,6,12,9,9,7,1,4,5,5,11,0,5,0,55,2,1,10,11,0,20,62,25,7
2023-08-03,2368,91,2023-08-03 01:30:00,60,60,60,12,22,6,A,182.0,1.0,1.0,13.0,19.0,14.0,,2023-06-02 01:30:00,8/03/2023,2368,False,8,3,6,9,5,15,0,5,10,4,7,0,3,0,73,5,2,8,9,0,4,89,21,6
2023-08-03,2368,96,2023-08-03 01:35:00,60,60,60,19,24,6,A,182.0,1.0,1.0,13.0,19.0,14.0,,2023-06-02 01:35:00,8/03/2023,2368,False,13,2,8,14,3,13,3,4,6,9,5,0,1,0,79,2,0,8,3,0,4,106,27,12
2023-08-03,2368,101,2023-08-03 01:40:00,60,60,60,26,24,6,A,182.0,1.0,1.0,13.0,19.0,14.0,,2023-06-02 01:40:00,8/03/2023,2368,False,4,2,9,24,2,23,2,3,7,15,1,1,2,0,45,2,0,5,3,0,4,46,22,11
2023-08-03,2368,106,2023-08-03 01:45:00,60,60,60,18,24,6,A,184.0,1.0,1.0,13.0,17.0,14.0,,2023-06-02 01:45:00,8/03/2023,2368,False,5,3,5,5,2,40,0,3,3,5,2,0,2,0,39,1,0,2,8,0,1,26,23,13
2023-08-03,2368,111,2023-08-03 01:50:00,60,60,60,10,20,6,A,184.0,1.0,1.0,13.0,17.0,14.0,,2023-06-02 01:50:00,8/03/2023,2368,False,5,3,9,12,3,18,1,3,6,11,2,0,2,0,50,2,0,3,10,0,2,44,21,9
2023-08-03,2368,116,2023-08-03 01:55:00,60,60,60,0,0,6,A,168.0,1.0,1.0,19.0,26.0,15.0,,2023-06-02 01:55:00,8/03/2023,2368,False,5,3,13,20,1,38,0,2,8,7,4,2,0,0,35,4,0,5,9,0,3,27,25,6
2023-08-03,2368,121,2023-08-03 02:00:00,60,60,60,0,0,6,A,176.0,1.0,1.0,19.0,18.0,15.0,,2023-06-02 02:00:00,8/03/2023,2368,False,5,5,10,16,7,29,0,4,4,12,2,2,5,0,28,2,1,5,3,0,3,30,23,10
2023-08-03,2368,126,2023-08-03 02:05:00,60,60,60,15,20,6,A,182.0,1.0,1.0,13.0,18.0,15.0,,2023-06-02 02:05:00,8/03/2023,2368,False,1,1,11,21,1,17,1,4,6,13,7,0,0,0,48,4,0,5,15,0,1,52,26,16
2023-08-03,2368,131,2023-08-03 02:10:00,60,60,60,14,22,6,A,182.0,1.0,1.0,13.0,18.0,15.0,,2023-06-02 02:10:00,8/03/2023,2368,False,1,2,18,16,1,21,0,4,2,14,4,0,1,0,21,4,0,3,9,0,4,15,11,13
2023-08-03,2368,136,2023-08-03 02:15:00,60,60,60,8,22,6,A,182.0,1.0,1.0,13.0,18.0,15.0,,2023-06-02 02:15:00,8/03/2023,2368,False,2,5,13,12,1,28,0,3,5,11,6,0,1,0,44,1,0,7,16,0,6,33,21,19
2023-08-03,2368,141,2023-08-03 02:20:00,60,60,60,149,23,6,A,182.0,1.0,1.0,13.0,18.0,15.0,,2023-06-02 02:20:00,8/03/2023,2368,False,1,8,11,19,2,14,3,0,6,10,3,1,2,1,55,2,1,7,7,1,1,44,39,16
2023-08-03,2368,146,2023-08-03 02:25:00,60,60,60,12,22,6,A,176.0,1.0,1.0,17.0,20.0,15.0,,2023-06-02 02:25:00,8/03/2023,2368,False,2,3,10,21,0,23,2,3,5,11,1,2,0,0,30,1,1,5,11,0,0,32,18,19
2023-08-03,2368,151,2023-08-03 02:30:00,60,60,60,13,24,6,A,178.0,1.0,1.0,15.0,20.0,15.0,,2023-06-02 02:30:00,8/03/2023,2368,False,1,3,12,24,0,33,0,2,4,22,0,1,0,0,48,1,0,4,8,0,2,27,29,26
2023-08-03,2368,156,2023-08-03 02:35:00,60,60,60,13,20,6,A,178.0,1.0,1.0,15.0,20.0,15.0,,2023-06-02 02:35:00,8/03/2023,2368,False,1,6,16,22,0,14,1,7,4,9,6,2,0,0,52,2,1,6,18,0,2,61,17,15
2023-08-03,2368,161,2023-08-03 02:40:00,60,60,60,10,25,6,A,176.0,1.0,1.0,17.0,20.0,15.0,,2023-06-02 02:40:00,8/03/2023,2368,False,1,2,17,7,1,25,0,3,10,12,2,1,0,0,40,3,0,8,6,0,7,26,21,13
2023-08-03,2368,166,2023-08-03 02:45:00,60,60,60,8,22,6,A,178.0,1.0,1.0,15.0,20.0,15.0,,2023-06-02 02:45:00,8/03/2023,2368,False,1,5,12,8,0,20,0,10,4,7,3,1,0,0,58,7,1,5,12,0,3,54,28,16
2023-08-03,2368,171,2023-08-03 02:50:00,60,60,60,15,25,6,A,178.0,1.0,1.0,15.0,20.0,15.0,,2023-06-02 02:50:00,8/03/2023,2368,False,2,2,15,6,1,4,1,4,5,9,6,3,1,0,62,5,0,5,17,0,7,79,16,12
2023-08-03,2368,176,2023-08-03 02:55:00,60,60,60,11,24,6,A,178.0,1.0,1.0,15.0,20.0,15.0,,2023-06-02 02:55:00,8/03/2023,2368,False,2,2,9,6,0,9,0,7,5,3,2,1,0,0,69,4,1,5,7,0,14,96,19,8
2023-08-03,2368,181,2023-08-03 03:00:00,60,60,60,17,20,6,A,180.0,1.0,1.0,13.0,20.0,15.0,,2023-06-02 03:00:00,8/03/2023,2368,False,4,0,3,2,2,7,0,4,3,2,3,0,2,0,73,3,1,5,9,0,19,91,29,15
2023-08-03,2368,186,2023-08-03 03:05:00,60,60,60,13,25,6,A,180.0,1.0,1.0,13.0,20.0,15.0,,2023-06-02 03:05:00,8/03/2023,2368,False,1,3,13,7,2,14,2,7,5,9,8,0,0,0,52,6,0,6,11,0,11,84,25,9
2023-08-03,2368,191,2023-08-03 03:10:00,60,60,60,10,24,6,A,180.0,1.0,1.0,13.0,20.0,15.0,,2023-06-02 03:10:00,8/03/2023,2368,False,3,1,7,6,0,12,3,2,4,5,4,0,0,0,57,3,1,4,11,0,16,98,22,9
2023-08-03,2368,196,2023-08-03 03:15:00,60,60,60,8,20,6,A,180.0,1.0,1.0,13.0,20.0,15.0,,2023-06-02 03:15:00,8/03/2023,2368,False,3,3,6,7,2,2,2,4,5,4,7,2,1,0,65,4,0,6,12,0,21,69,31,9
2023-08-03,2368,201,2023-08-03 03:20:00,60,60,60,11,20,6,A,180.0,1.0,1.0,13.0,20.0,15.0,,2023-06-02 03:20:00,8/03/2023,2368,False,3,0,7,15,1,8,2,1,6,13,4,1,0,1,73,4,0,7,4,1,2,96,18,11
2023-08-03,2368,206,2023-08-03 03:25:00,60,60,60,10,25,6,A,180.0,1.0,1.0,13.0,20.0,15.0,,2023-06-02 03:25:00,8/03/2023,2368,False,2,1,11,5,0,7,0,0,5,7,3,0,0,0,74,2,1,5,9,0,2,94,36,20
2023-08-03,2368,211,2023-08-03 03:30:00,60,60,60,10,25,6,A,180.0,1.0,1.0,13.0,20.0,15.0,,2023-06-02 03:30:00,8/03/2023,2368,False,4,3,5,12,1,5,0,3,10,4,6,1,1,0,72,6,0,3,18,0,6,75,20,10
2023-08-03,2368,216,2023-08-03 03:35:00,60,60,60,18,20,6,A,180.0,1.0,1.0,13.0,20.0,15.0,,2023-06-02 03:35:00,8/03/2023,2368,False,1,2,9,3,0,4,1,1,8,5,0,1,0,0,69,1,0,4,9,0,1,93,18,16
2023-08-03,2368,221,2023-08-03 03:40:00,60,60,60,6,22,6,A,180.0,1.0,1.0,13.0,20.0,15.0,,2023-06-02 03:40:00,8/03/2023,2368,False,3,6,10,15,0,9,0,3,3,9,7,4,0,0,42,3,0,4,13,0,4,70,16,17
2023-08-03,2368,226,2023-08-03 03:45:00,60,60,60,18,25,6,A,180.0,1.0,1.0,13.0,20.0,15.0,,2023-06-02 03:45:00,8/03/2023,2368,False,9,0,5,8,0,3,1,7,5,4,2,4,0,0,37,6,1,6,10,0,4,30,27,15
2023-08-03,2368,231,2023-08-03 03:50:00,60,60,60,26,25,6,A,180.0,1.0,1.0,13.0,20.0,15.0,,2023-06-02 03:50:00,8/03/2023,2368,False,4,4,10,29,0,6,1,1,6,11,5,1,0,1,62,2,2,6,11,1,4,52,30,21
2023-08-03,2368,236,2023-08-03 03:55:00,60,60,60,18,25,6,A,180.0,1.0,1.0,13.0,20.0,15.0,,2023-06-02 03:55:00,8/03/2023,2368,False,2,1,7,29,0,8,0,8,5,20,3,0,0,0,44,5,0,4,16,0,3,33,30,19
2023-08-03,2368,241,2023-08-03 04:00:00,60,60,60,10,25,6,A,180.0,1.0,1.0,13.0,20.0,15.0,,2023-06-02 04:00:00,8/03/2023,2368,False,2,1,5,13,0,5,0,13,8,8,4,1,0,0,44,8,0,6,11,0,1,39,22,10
2023-08-03,2368,246,2023-08-03 04:05:00,60,60,60,15,24,6,A,180.0,1.0,1.0,13.0,20.0,15.0,,2023-06-02 04:05:00,8/03/2023,2368,False,1,2,9,33,0,0,0,4,8,15,1,1,0,0,57,3,0,2,8,0,5,46,29,22
2023-08-03,2368,251,2023-08-03 04:10:00,60,60,60,13,24,6,A,180.0,1.0,1.0,13.0,20.0,15.0,,2023-06-02 04:10:00,8/03/2023,2368,False,1,2,3,31,0,10,1,2,3,16,0,0,0,0,47,2,0,5,10,0,2,44,26,12
2023-08-03,2368,256,2023-08-03 04:15:00,60,60,60,12,25,6,A,180.0,1.0,1.0,13.0,20.0,15.0,,2023-06-02 04:15:00,8/03/2023,2368,False,3,3,7,9,0,8,1,3,3,6,1,1,0,0,36,4,0,8,14,0,3,42,24,12
2023-08-03,2368,261,2023-08-03 04:20:00,60,60,60,18,25,6,A,180.0,1.0,1.0,13.0,20.0,15.0,,2023-06-02 04:20:00,8/03/2023,2368,False,5,3,10,25,1,8,1,6,10,15,1,1,0,0,40,5,0,5,15,0,3,46,21,9
2023-08-03,2368,266,2023-08-03 04:25:00,60,60,60,39,25,6,A,180.0,1.0,1.0,13.0,20.0,15.0,,2023-06-02 04:25:00,8/03/2023,2368,False,7,4,12,23,1,5,1,3,6,14,3,1,1,0,48,2,2,3,15,0,3,45,31,11
2023-08-03,2368,271,2023-08-03 04:30:00,60,60,60,15,25,6,A,180.0,1.0,1.0,13.0,20.0,15.0,,2023-06-02 04:30:00,8/03/2023,2368,False,6,5,18,14,0,8,0,2,3,17,2,2,0,0,40,2,0,6,17,0,3,27,28,11
2023-08-03,2368,276,2023-08-03 04:35:00,60,60,60,40,25,6,A,180.0,1.0,1.0,13.0,20.0,15.0,,2023-06-02 04:35:00,8/03/2023,2368,False,6,2,14,13,0,9,0,2,6,11,2,6,0,0,29,2,1,5,17,0,3,32,18,8
2023-08-03,2368,281,2023-08-03 04:40:00,60,60,60,24,25,6,A,180.0,1.0,1.0,13.0,20.0,15.0,,2023-06-02 04:40:00,8/03/2023,2368,False,8,4,18,14,0,1,0,6,5,10,4,6,0,0,30,5,3,9,17,0,3,38,13,9
2023-08-03,2368,286,2023-08-03 04:45:00,60,60,60,21,20,6,A,180.0,1.0,1.0,13.0,20.0,15.0,,2023-06-02 04:45:00,8/03/2023,2368,False,6,4,7,21,0,6,2,1,7,10,3,2,0,0,31,3,0,4,14,0,6,23,26,19
2023-08-03,2368,291,2023-08-03 04:50:00,60,60,60,18,25,6,A,180.0,1.0,1.0,13.0,20.0,15.0,,2023-06-02 04:50:00,8/03/2023,2368,False,8,5,11,5,0,3,0,2,3,6,4,3,0,0,25,1,0,5,19,0,6,31,19,7
2023-08-03,2368,296,2023-08-03 04:55:00,60,60,60,8,20,6,A,180.0,1.0,1.0,13.0,20.0,15.0,,2023-06-02 04:55:00,8/03/2023,2368,False,8,6,14,9,0,11,1,3,10,6,3,6,0,0,19,3,0,7,23,0,10,26,14,7
2023-08-03,2368,301,2023-08-03 05:00:00,60,60,60,30,25,6,A,180.0,1.0,1.0,13.0,20.0,15.0,,2023-06-02 05:00:00,8/03/2023,2368,False,1,4,18,8,0,7,0,2,5,9,2,3,0,0,41,1,0,6,21,0,16,40,20,13
2023-08-03,2368,306,2023-08-03 05:05:00,60,60,60,16,20,6,A,180.0,1.0,1.0,13.0,20.0,15.0,,2023-06-02 05:05:00,8/03/2023,2368,False,10,6,20,7,0,9,1,5,4,12,4,6,0,0,37,3,0,9,24,0,34,54,20,7
2023-08-03,2368,311,2023-08-03 05:10:00,60,60,60,28,25,6,A,178.0,1.0,1.0,15.0,20.0,15.0,,2023-06-02 05:10:00,8/03/2023,2368,False,8,5,13,6,1,27,0,8,6,7,2,12,0,0,49,5,1,5,20,0,14,75,20,9
2023-08-03,2368,316,2023-08-03 05:15:00,60,60,60,37,25,6,A,178.0,1.0,1.0,15.0,20.0,15.0,,2023-06-02 05:15:00,8/03/2023,2368,False,9,3,8,9,2,35,1,8,8,7,5,10,0,0,61,4,1,9,28,0,6,80,17,13
2023-08-03,2368,321,2023-08-03 05:20:00,60,60,60,27,25,6,A,178.0,1.0,1.0,15.0,20.0,15.0,,2023-06-02 05:20:00,8/03/2023,2368,False,3,2,21,9,0,3,1,5,8,9,4,12,0,0,50,4,0,7,34,0,6,79,27,11
2023-08-03,2368,326,2023-08-03 05:25:00,60,60,60,38,22,6,A,176.0,1.0,1.0,17.0,20.0,15.0,,2023-06-02 05:25:00,8/03/2023,2368,False,24,3,12,10,0,10,1,2,8,7,2,11,0,0,46,1,2,9,25,0,4,63,15,17
2023-08-03,2368,331,2023-08-03 05:30:00,60,60,60,40,20,6,A,176.0,1.0,1.0,17.0,20.0,15.0,,2023-06-02 05:30:00,8/03/2023,2368,False,15,6,17,9,0,5,0,7,9,9,1,17,0,0,17,3,0,7,31,0,2,33,23,22
2023-08-03,2368,336,2023-08-03 05:35:00,60,60,60,66,25,6,A,176.0,1.0,1.0,17.0,20.0,15.0,,2023-06-02 05:35:00,8/03/2023,2368,False,16,4,23,13,2,21,2,2,2,4,3,7,0,0,31,1,0,11,40,0,9,32,16,27
2023-08-03,2368,341,2023-08-03 05:40:00,60,60,63,79,22,6,A,174.0,1.0,1.0,19.0,20.0,15.0,,2023-06-02 05:40:00,8/03/2023,2368,False,17,3,16,10,1,34,2,7,8,5,2,14,0,0,41,2,0,13,40,0,8,54,26,25
2023-08-03,2368,345,2023-08-03 05:45:00,60,60,64,24,21,6,A,180.0,1.0,1.0,15.0,16.0,17.0,,2023-06-02 05:45:00,8/03/2023,2368,False,22,3,16,13,3,31,1,8,9,12,5,22,1,0,27,5,5,15,32,0,6,46,21,18
2023-08-03,2368,350,2023-08-03 05:50:00,60,60,60,62,24,6,A,172.0,1.0,1.0,21.0,20.0,15.0,,2023-06-02 05:50:00,8/03/2023,2368,False,30,4,14,16,2,18,3,3,9,8,3,14,0,0,22,4,0,9,43,0,15,38,16,13
2023-08-03,2368,355,2023-08-03 05:55:00,60,60,68,126,25,6,A,168.0,1.0,1.0,23.0,22.0,15.0,,2023-06-02 05:55:00,8/03/2023,2368,False,22,4,6,6,1,19,0,5,5,1,1,18,0,0,21,3,1,19,44,0,7,31,17,17
2023-08-03,2368,359,2023-08-03 06:00:00,80,80,80,90,22,6,A,170.0,1.0,1.0,17.0,26.0,15.0,,2023-06-02 06:00:00,8/03/2023,2368,False,12,2,15,5,1,16,1,5,5,2,2,25,1,0,2,1,0,21,34,0,10,20,12,18
2023-08-03,2368,363,2023-08-03 06:05:00,101,101,101,141,25,6,A,170.0,1.0,1.0,17.0,26.0,15.0,,2023-06-02 06:05:00,8/03/2023,2368,False,20,5,18,9,2,15,4,15,11,1,1,16,0,0,7,11,0,15,42,0,8,28,20,13
2023-08-03,2368,366,2023-08-03 06:10:00,112,112,112,91,25,6,A,172.0,1.0,1.0,13.0,28.0,15.0,,2023-06-02 06:10:00,8/03/2023,2368,False,34,3,7,8,0,12,6,8,8,1,2,26,0,0,18,2,1,24,49,0,7,48,37,18
2023-08-03,2368,368,2023-08-03 06:15:00,112,112,96,123,330,6,A,176.0,1.0,1.0,15.0,22.0,15.0,,2023-06-02 06:15:00,8/03/2023,2368,False,51,5,11,20,2,10,2,14,9,7,0,24,0,0,9,3,1,27,55,0,8,52,25,11
2023-08-03,2368,371,2023-08-03 06:20:00,90,90,89,52,25,6,A,184.0,1.0,1.0,17.0,12.0,15.0,,2023-06-02 06:20:00,8/03/2023,2368,False,31,4,11,15,5,21,3,4,5,2,1,32,0,0,15,2,1,27,49,0,11,52,37,10
2023-08-03,2368,374,2023-08-03 06:25:00,102,102,102,93,25,6,A,182.0,1.0,1.0,15.0,16.0,15.0,,2023-06-02 06:25:00,8/03/2023,2368,False,35,7,18,10,2,8,4,6,5,2,1,25,0,0,2,0,0,32,45,0,10,34,37,16
2023-08-03,2368,377,2023-08-03 06:30:00,104,104,104,96,25,6,A,182.0,1.0,1.0,13.0,14.0,19.0,,2023-06-02 06:30:00,8/03/2023,2368,False,0,7,14,20,4,4,3,6,4,2,2,35,0,0,6,1,0,42,63,0,2,16,19,21
2023-08-03,2368,380,2023-08-03 06:35:00,100,100,101,118,25,6,A,174.0,1.0,1.0,13.0,22.0,19.0,,2023-06-02 06:35:00,8/03/2023,2368,False,25,3,10,15,0,19,4,6,11,4,0,28,0,0,5,5,2,37,60,0,7,41,28,30
2023-08-03,2368,383,2023-08-03 06:40:00,109,109,104,55,22,6,A,172.0,1.0,1.0,15.0,22.0,19.0,,2023-06-02 06:40:00,8/03/2023,2368,False,21,4,16,17,2,11,1,13,10,1,0,24,0,0,8,0,0,40,49,0,7,45,34,23
2023-08-03,2368,386,2023-08-03 06:45:00,97,97,97,112,25,6,A,168.0,1.0,1.0,17.0,24.0,19.0,,2023-06-02 06:45:00,8/03/2023,2368,False,58,2,17,20,1,6,5,8,9,5,0,39,0,0,2,1,0,63,70,0,14,26,32,20
2023-08-03,2368,389,2023-08-03 06:50:00,90,90,97,89,22,6,A,170.0,1.0,1.0,15.0,24.0,19.0,,2023-06-02 06:50:00,8/03/2023,2368,False,40,3,29,30,2,4,5,9,9,2,2,27,0,0,1,1,3,50,69,0,11,20,27,26
2023-08-03,2368,393,2023-08-03 06:55:00,90,90,99,87,25,6,A,166.0,1.0,1.0,15.0,28.0,19.0,,2023-06-02 06:55:00,8/03/2023,2368,False,17,7,18,19,2,6,7,9,7,0,0,30,0,0,2,2,0,48,55,0,13,26,28,26
2023-08-03,2368,396,2023-08-03 07:00:00,110,110,110,108,330,6,A,168.0,1.0,1.0,17.0,24.0,19.0,,2023-06-02 07:00:00,8/03/2023,2368,False,19,6,13,15,3,8,5,10,8,1,1,24,0,0,3,0,0,73,71,0,15,31,37,26
2023-08-03,2368,398,2023-08-03 07:05:00,118,145,118,112,25,6,A,168.0,1.0,1.0,15.0,26.0,19.0,,2023-06-02 07:05:00,8/03/2023,2368,False,32,2,17,17,4,10,5,9,12,2,2,30,0,0,12,2,0,49,51,0,9,42,37,28
2023-08-03,2368,400,2023-08-03 07:10:00,120,124,120,109,22,6,A,170.0,1.0,1.0,11.0,28.0,19.0,,2023-06-02 07:10:00,8/03/2023,2368,False,32,3,14,34,4,6,6,8,9,7,0,44,1,0,7,1,1,76,79,0,21,32,33,27
2023-08-03,2368,403,2023-08-03 07:15:00,120,120,121,117,25,6,A,168.0,1.0,1.0,17.0,24.0,19.0,,2023-06-02 07:15:00,8/03/2023,2368,False,34,6,23,49,0,8,2,13,15,17,2,26,0,0,3,1,0,54,67,0,33,52,46,26
2023-08-03,2368,405,2023-08-03 07:20:00,119,117,119,116,25,6,A,164.0,1.0,1.0,13.0,32.0,19.0,,2023-06-02 07:20:00,8/03/2023,2368,False,64,10,36,44,5,2,7,8,10,6,1,50,0,0,1,0,0,49,61,0,25,30,39,25
2023-08-03,2368,408,2023-08-03 07:25:00,120,122,120,104,330,6,A,166.0,1.0,1.0,15.0,28.0,19.0,,2023-06-02 07:25:00,8/03/2023,2368,False,50,8,24,41,3,5,11,13,14,10,1,39,0,0,4,1,1,41,43,0,32,38,43,29
2023-08-03,2368,410,2023-08-03 07:30:00,120,120,121,108,25,6,A,162.0,1.0,1.0,19.0,28.0,19.0,,2023-06-02 07:30:00,8/03/2023,2368,False,53,1,25,34,7,6,4,12,12,0,3,48,2,0,2,1,1,44,49,0,36,30,39,15
2023-08-03,2368,413,2023-08-03 07:35:00,119,119,119,100,25,6,A,160.0,1.0,1.0,17.0,32.0,19.0,,2023-06-02 07:35:00,8/03/2023,2368,False,37,10,26,41,3,8,7,14,17,1,0,28,0,0,3,2,1,45,46,0,22,40,41,30
2023-08-03,2368,416,2023-08-03 07:40:00,116,116,116,113,25,6,A,166.0,1.0,1.0,11.0,30.0,21.0,,2023-06-02 07:40:00,8/03/2023,2368,False,46,7,28,54,6,10,11,12,13,11,1,42,0,0,4,1,0,60,63,0,30,24,22,15
2023-08-03,2368,418,2023-08-03 07:45:00,120,120,122,123,24,6,A,164.0,1.0,1.0,19.0,26.0,19.0,,2023-06-02 07:45:00,8/03/2023,2368,False,13,6,20,39,8,6,6,10,9,5,0,47,3,0,12,0,2,42,49,0,17,33,41,32
2023-08-03,2368,421,2023-08-03 07:50:00,120,124,120,111,22,6,A,164.0,1.0,1.0,19.0,24.0,21.0,,2023-06-02 07:50:00,8/03/2023,2368,False,42,10,31,31,2,7,9,26,20,5,0,35,0,0,12,0,2,48,58,0,11,24,25,18
2023-08-03,2368,423,2023-08-03 07:55:00,114,117,114,90,22,6,A,170.0,1.0,1.0,21.0,18.0,19.0,,2023-06-02 07:55:00,8/03/2023,2368,False,55,8,26,39,8,5,4,14,8,4,0,28,1,0,1,0,7,60,59,0,15,23,26,30
2023-08-03,2368,426,2023-08-03 08:00:00,120,118,123,120,25,6,A,168.0,1.0,1.0,15.0,26.0,19.0,,2023-06-02 08:00:00,8/03/2023,2368,False,17,6,18,26,6,12,10,8,8,1,1,33,0,0,4,1,0,53,51,0,17,34,36,40
2023-08-03,2368,428,2023-08-03 08:05:00,118,118,118,91,25,6,A,172.0,1.0,1.0,13.0,24.0,19.0,,2023-06-02 08:05:00,8/03/2023,2368,False,10,8,28,26,6,23,10,10,9,0,2,41,0,0,23,1,0,63,80,0,22,31,25,30
2023-08-03,2368,431,2023-08-03 08:10:00,120,121,124,123,24,6,A,174.0,1.0,1.0,21.0,14.0,19.0,,2023-06-02 08:10:00,8/03/2023,2368,False,23,7,22,25,2,11,16,21,21,0,1,25,0,0,2,5,0,55,57,0,14,22,21,23
2023-08-03,2368,433,2023-08-03 08:15:00,120,121,122,116,25,6,A,174.0,1.0,1.0,21.0,14.0,19.0,,2023-06-02 08:15:00,8/03/2023,2368,False,51,10,32,34,9,22,12,11,12,4,1,32,0,0,5,1,0,63,68,0,21,13,19,15
2023-08-03,2368,436,2023-08-03 08:20:00,120,125,125,122,25,6,A,166.0,1.0,1.0,21.0,22.0,19.0,,2023-06-02 08:20:00,8/03/2023,2368,False,40,5,32,25,6,35,18,29,21,0,0,33,1,0,6,3,0,42,42,0,18,33,48,26
2023-08-03,2368,438,2023-08-03 08:25:00,120,124,120,106,25,6,A,166.0,1.0,1.0,21.0,22.0,19.0,,2023-06-02 08:25:00,8/03/2023,2368,False,74,8,36,58,6,20,9,15,10,16,1,26,0,0,9,1,3,66,70,0,18,24,28,28
2023-08-03,2368,441,2023-08-03 08:30:00,90,79,114,97,22,6,A,170.0,1.0,1.0,17.0,22.0,19.0,,2023-06-02 08:30:00,8/03/2023,2368,False,35,6,23,37,5,2,19,25,22,9,2,27,0,0,2,3,1,50,50,0,19,22,23,25
2023-08-03,2368,444,2023-08-03 08:35:00,90,90,102,130,24,6,A,164.0,1.0,1.0,25.0,20.0,19.0,,2023-06-02 08:35:00,8/03/2023,2368,False,25,14,27,36,7,9,19,23,14,3,1,23,0,0,1,1,0,46,46,0,15,34,33,34
2023-08-03,2368,447,2023-08-03 08:40:00,90,90,102,129,25,6,A,158.0,1.0,1.0,25.0,26.0,19.0,,2023-06-02 08:40:00,8/03/2023,2368,False,41,14,30,47,7,4,9,11,14,3,3,23,0,0,6,1,1,49,45,0,16,33,30,23
2023-08-03,2368,451,2023-08-03 08:45:00,90,92,103,124,22,6,A,160.0,1.0,1.0,23.0,26.0,19.0,,2023-06-02 08:45:00,8/03/2023,2368,False,70,8,26,27,7,13,18,21,23,5,4,30,0,0,12,3,2,42,45,0,28,34,36,23
2023-08-03,2368,454,2023-08-03 08:50:00,90,90,101,97,22,6,A,160.0,1.0,1.0,29.0,20.0,19.0,,2023-06-02 08:50:00,8/03/2023,2368,False,40,11,28,36,13,5,10,17,17,1,0,28,0,0,7,2,5,40,43,0,21,37,41,35
2023-08-03,2368,457,2023-08-03 08:55:00,90,90,102,115,25,6,A,164.0,1.0,1.0,19.0,24.0,21.0,,2023-06-02 08:55:00,8/03/2023,2368,False,51,10,33,32,8,9,9,11,13,0,2,30,1,0,2,0,2,57,48,2047,22,27,28,28
2023-08-03,2368,461,2023-08-03 09:00:00,103,112,103,127,24,6,A,166.0,1.0,1.0,21.0,22.0,19.0,,2023-06-02 09:00:00,8/03/2023,2368,False,57,8,19,46,11,31,13,20,24,12,0,15,2,0,9,1,1,47,49,2047,20,24,31,29
2023-08-03,2368,464,2023-08-03 09:05:00,116,114,116,110,25,6,A,162.0,1.0,1.0,23.0,24.0,19.0,,2023-06-02 09:05:00,8/03/2023,2368,False,53,5,40,54,11,26,18,20,18,2,1,20,3,0,3,1,0,53,59,2047,14,23,25,22
2023-08-03,2368,466,2023-08-03 09:10:00,119,121,119,107,25,6,A,164.0,1.0,1.0,17.0,28.0,19.0,,2023-06-02 09:10:00,8/03/2023,2368,False,46,11,19,23,11,11,6,13,16,0,3,20,0,0,14,0,3,34,45,2047,27,43,46,26
2023-08-03,2368,469,2023-08-03 09:15:00,118,117,116,97,25,6,A,156.0,1.0,1.0,23.0,30.0,19.0,,2023-06-02 09:15:00,8/03/2023,2368,False,55,18,21,23,5,13,11,23,19,1,3,23,0,0,10,0,0,49,47,2047,15,43,31,11
2023-08-03,2368,472,2023-08-03 09:20:00,117,117,117,88,22,6,A,162.0,1.0,1.0,23.0,24.0,19.0,,2023-06-02 09:20:00,8/03/2023,2368,False,32,5,32,31,7,6,10,21,17,1,1,22,0,0,34,1,0,42,55,2047,19,43,44,20
2023-08-03,2368,474,2023-08-03 09:25:00,112,112,112,96,25,6,A,158.0,1.0,1.0,25.0,26.0,19.0,,2023-06-02 09:25:00,8/03/2023,2368,False,49,17,23,41,4,11,13,23,25,12,0,21,0,0,40,1,0,34,49,2047,18,55,40,22
2023-08-03,2368,477,2023-08-03 09:30:00,114,114,115,110,22,6,A,162.0,1.0,1.0,25.0,23.0,18.0,,2023-06-02 09:30:00,8/03/2023,2368,False,36,14,20,37,4,5,18,15,15,3,0,18,0,0,18,0,0,33,51,2047,12,26,24,20
2023-08-03,2368,480,2023-08-03 09:35:00,94,94,94,77,25,6,A,162.0,1.0,1.0,25.0,23.0,18.0,,2023-06-02 09:35:00,8/03/2023,2368,False,8,9,32,29,6,9,9,17,21,1,4,14,0,0,22,1,0,29,47,2047,17,55,29,25
2023-08-03,2368,483,2023-08-03 09:40:00,100,100,102,119,24,6,A,162.0,1.0,1.0,25.0,23.0,18.0,,2023-06-02 09:40:00,8/03/2023,2368,False,13,11,22,21,6,12,10,19,9,0,1,18,0,0,3,0,0,32,37,2047,11,27,26,19
2023-08-03,2368,486,2023-08-03 09:45:00,106,106,101,89,24,6,A,162.0,1.0,1.0,25.0,23.0,18.0,,2023-06-02 09:45:00,8/03/2023,2368,False,21,15,26,41,4,12,13,22,20,1,0,23,1,0,10,1,0,35,50,2047,23,24,25,20
2023-08-03,2368,489,2023-08-03 09:50:00,103,103,99,75,22,6,A,162.0,1.0,1.0,25.0,23.0,18.0,,2023-06-02 09:50:00,8/03/2023,2368,False,41,12,27,33,5,11,11,15,17,6,1,17,0,0,18,3,6,41,40,2047,21,45,31,21
2023-08-03,2368,492,2023-08-03 09:55:00,104,104,101,42,25,6,A,162.0,1.0,1.0,25.0,23.0,18.0,,2023-06-02 09:55:00,8/03/2023,2368,False,28,7,28,38,9,8,10,16,18,4,1,10,0,0,8,4,1,32,41,2047,22,41,34,16
2023-08-03,2368,494,2023-08-03 10:00:00,104,104,106,116,21,6,A,162.0,1.0,1.0,25.0,23.0,18.0,,2023-06-02 10:00:00,8/03/2023,2368,False,34,20,20,25,7,10,12,22,16,1,0,11,2,0,4,0,0,22,48,2047,25,20,29,18
2023-08-03,2368,497,2023-08-03 10:05:00,112,112,106,56,22,6,A,162.0,1.0,1.0,25.0,23.0,18.0,,2023-06-02 10:05:00,8/03/2023,2368,False,37,11,25,33,4,9,10,19,21,0,4,15,0,0,26,6,1,22,34,2047,14,29,51,36
2023-08-03,2368,500,2023-08-03 10:10:00,103,103,103,85,25,6,A,162.0,1.0,1.0,25.0,23.0,18.0,,2023-06-02 10:10:00,8/03/2023,2368,False,14,11,30,51,9,11,14,19,20,13,1,13,2,0,13,3,0,32,42,2047,17,29,39,20
2023-08-03,2368,503,2023-08-03 10:15:00,109,109,110,118,25,6,A,162.0,1.0,1.0,25.0,23.0,18.0,,2023-06-02 10:15:00,8/03/2023,2368,False,18,11,38,41,8,8,16,18,13,4,3,13,0,0,18,0,0,31,57,2047,13,35,33,9
2023-08-03,2368,506,2023-08-03 10:20:00,111,111,108,83,20,6,A,162.0,1.0,1.0,25.0,23.0,18.0,,2023-06-02 10:20:00,8/03/2023,2368,False,51,11,20,31,7,9,12,13,11,5,3,12,0,0,18,1,0,27,47,2047,13,36,38,16
2023-08-03,2368,508,2023-08-03 10:25:00,99,99,99,66,22,6,A,162.0,1.0,1.0,25.0,23.0,18.0,,2023-06-02 10:25:00,8/03/2023,2368,False,24,7,25,30,3,15,11,14,16,4,0,10,0,0,14,1,1,27,37,2047,15,28,31,14
2023-08-03,2368,512,2023-08-03 10:30:00,80,80,81,111,24,6,A,162.0,1.0,1.0,25.0,23.0,18.0,,2023-06-02 10:30:00,8/03/2023,2368,False,26,19,17,25,6,13,16,22,30,5,2,13,0,0,11,1,1,29,32,2047,14,34,29,19
2023-08-03,2368,515,2023-08-03 10:35:00,96,96,96,96,22,6,A,162.0,1.0,1.0,25.0,23.0,18.0,,2023-06-02 10:35:00,8/03/2023,2368,False,27,12,29,36,8,4,12,16,19,1,0,14,0,0,21,7,1,27,45,2047,20,38,39,19
2023-08-03,2368,518,2023-08-03 10:40:00,104,104,103,82,22,6,A,162.0,1.0,1.0,25.0,23.0,18.0,,2023-06-02 10:40:00,8/03/2023,2368,False,33,12,29,55,5,9,12,25,13,3,2,14,0,0,14,0,0,33,43,2047,14,33,27,15
2023-08-03,2368,521,2023-08-03 10:45:00,104,104,103,73,20,6,A,162.0,1.0,1.0,25.0,23.0,18.0,,2023-06-02 10:45:00,8/03/2023,2368,False,18,17,34,47,7,13,13,18,21,10,0,13,0,0,47,1,0,29,42,2047,10,38,51,21
2023-08-03,2368,524,2023-08-03 10:50:00,90,90,90,76,25,6,A,162.0,1.0,1.0,25.0,23.0,18.0,,2023-06-02 10:50:00,8/03/2023,2368,False,17,16,22,47,5,5,17,14,19,7,2,12,1,0,22,1,1,30,33,2047,10,43,29,14
2023-08-03,2368,527,2023-08-03 10:55:00,92,92,92,80,22,6,A,162.0,1.0,1.0,25.0,23.0,18.0,,2023-06-02 10:55:00,8/03/2023,2368,False,30,10,29,60,8,14,17,24,27,11,1,16,2,0,22,3,1,23,32,2047,25,37,28,17
2023-08-03,2368,531,2023-08-03 11:00:00,103,103,102,82,22,6,A,162.0,1.0,1.0,25.0,23.0,18.0,,2023-06-02 11:00:00,8/03/2023,2368,False,27,17,20,44,6,5,14,17,24,4,14,11,0,0,25,0,1,29,80,2047,27,27,27,14
2023-08-03,2368,533,2023-08-03 11:05:00,90,90,90,73,22,6,A,162.0,1.0,1.0,25.0,23.0,18.0,,2023-06-02 11:05:00,8/03/2023,2368,False,45,18,28,58,22,3,12,18,20,15,5,14,10,0,39,3,3,43,59,2047,21,64,33,24
2023-08-03,2368,537,2023-08-03 11:10:00,105,105,105,91,25,6,A,162.0,1.0,1.0,25.0,23.0,18.0,,2023-06-02 11:10:00,8/03/2023,2368,False,33,14,30,63,7,6,15,18,18,21,3,14,0,0,26,0,1,30,41,2047,13,46,30,31
2023-08-03,2368,540,2023-08-03 11:15:00,99,99,99,90,20,6,A,162.0,1.0,1.0,25.0,23.0,18.0,,2023-06-02 11:15:00,8/03/2023,2368,False,26,21,25,28,5,17,20,27,19,0,2,12,0,0,25,1,1,31,38,2047,15,51,26,17
2023-08-03,2368,543,2023-08-03 11:20:00,99,99,102,100,20,6,A,162.0,1.0,1.0,25.0,23.0,18.0,,2023-06-02 11:20:00,8/03/2023,2368,False,29,17,29,31,5,13,14,19,18,4,0,12,1,0,23,0,1,26,41,2047,15,48,22,18
2023-08-03,2368,546,2023-08-03 11:25:00,106,106,106,114,24,6,A,162.0,1.0,1.0,25.0,23.0,18.0,,2023-06-02 11:25:00,8/03/2023,2368,False,18,8,23,28,10,15,12,20,21,0,2,16,0,0,9,1,0,32,35,2047,14,23,18,12
2023-08-03,2368,549,2023-08-03 11:30:00,93,93,92,62,22,6,A,162.0,1.0,1.0,25.0,23.0,18.0,,2023-06-02 11:30:00,8/03/2023,2368,False,32,11,38,36,8,17,16,20,21,4,3,11,0,0,33,1,2,16,34,2047,21,45,35,16
2023-08-03,2368,552,2023-08-03 11:35:00,104,104,104,91,20,6,A,162.0,1.0,1.0,25.0,23.0,18.0,,2023-06-02 11:35:00,8/03/2023,2368,False,30,14,33,42,7,9,17,21,13,6,3,21,0,0,54,1,0,21,40,2047,15,35,51,33
2023-08-03,2368,555,2023-08-03 11:40:00,104,104,106,114,25,6,A,162.0,1.0,1.0,25.0,23.0,18.0,,2023-06-02 11:40:00,8/03/2023,2368,False,52,13,26,36,13,13,16,20,21,8,1,11,0,0,32,1,1,17,30,2047,17,50,48,20
2023-08-03,2368,557,2023-08-03 11:45:00,108,108,107,83,20,6,A,162.0,1.0,1.0,25.0,23.0,18.0,,2023-06-02 11:45:00,8/03/2023,2368,False,43,15,39,55,5,12,14,30,27,6,3,12,0,0,11,1,0,29,39,2047,12,34,26,19
2023-08-03,2368,560,2023-08-03 11:50:00,102,102,102,85,25,6,A,162.0,1.0,1.0,25.0,23.0,18.0,,2023-06-02 11:50:00,8/03/2023,2368,False,31,19,38,63,8,16,15,24,19,12,2,10,1,0,32,1,1,30,44,2047,19,44,46,17
2023-08-03,2368,563,2023-08-03 11:55:00,106,106,108,118,24,6,A,162.0,1.0,1.0,25.0,23.0,18.0,,2023-06-02 11:55:00,8/03/2023,2368,False,35,19,32,57,9,10,22,21,24,7,1,13,1,0,18,0,2,29,42,2047,15,46,25,15
2023-08-03,2368,566,2023-08-03 12:00:00,110,110,110,113,24,6,A,162.0,1.0,1.0,25.0,23.0,18.0,,2023-06-02 12:00:00,8/03/2023,2368,False,33,18,32,45,13,12,10,19,20,2,2,13,2,0,30,1,1,26,37,2047,16,46,51,15
2023-08-03,2368,569,2023-08-03 12:05:00,108,108,106,88,22,6,A,162.0,1.0,1.0,25.0,23.0,18.0,,2023-06-02 12:05:00,8/03/2023,2368,False,22,21,18,21,6,10,20,23,23,2,1,7,0,0,17,0,2,27,42,2047,26,17,27,22
2023-08-03,2368,572,2023-08-03 12:10:00,107,107,107,95,20,6,A,162.0,1.0,1.0,25.0,23.0,18.0,,2023-06-02 12:10:00,8/03/2023,2368,False,29,16,36,45,7,12,16,28,29,0,2,12,0,0,15,0,2,28,46,2047,11,28,32,26
2023-08-03,2368,574,2023-08-03 12:15:00,110,110,110,88,22,6,A,162.0,1.0,1.0,25.0,23.0,18.0,,2023-06-02 12:15:00,8/03/2023,2368,False,16,14,31,27,9,7,15,24,24,0,1,15,0,0,30,2,2,37,38,2047,16,41,21,23
2023-08-03,2368,577,2023-08-03 12:20:00,103,103,104,116,24,6,A,162.0,1.0,1.0,25.0,23.0,18.0,,2023-06-02 12:20:00,8/03/2023,2368,False,25,16,27,38,8,10,14,26,31,1,0,8,1,0,12,1,0,29,38,2047,13,22,27,11
2023-08-03,2368,580,2023-08-03 12:25:00,106,106,107,114,24,6,A,162.0,1.0,1.0,25.0,23.0,18.0,,2023-06-02 12:25:00,8/03/2023,2368,False,35,11,29,27,10,12,14,19,15,0,0,16,0,0,42,0,3,27,48,2047,14,68,45,13
2023-08-03,2368,583,2023-08-03 12:30:00,110,110,106,75,22,6,A,172.0,1.0,1.0,23.0,19.0,14.0,,2023-06-02 12:30:00,8/03/2023,2368,False,29,12,26,38,8,7,20,27,24,3,1,10,0,0,47,0,6,31,38,2047,16,62,41,22
2023-08-03,2368,586,2023-08-03 12:35:00,96,96,96,85,25,6,A,164.0,1.0,1.0,27.0,23.0,14.0,,2023-06-02 12:35:00,8/03/2023,2368,False,39,23,37,50,3,7,9,32,24,1,1,9,1,0,43,8,1,24,41,2047,10,41,46,21
2023-08-03,2368,589,2023-08-03 12:40:00,98,98,100,93,20,6,D,32.0,1.0,1.0,161.0,21.0,14.0,,2023-06-02 12:40:00,8/03/2023,2368,False,32,17,26,48,8,8,16,23,25,8,0,10,1,0,25,0,0,28,41,2047,22,43,43,17
2023-08-03,2368,592,2023-08-03 12:45:00,100,100,103,98,22,6,A,160.0,1.0,1.0,31.0,23.0,14.0,,2023-06-02 12:45:00,8/03/2023,2368,False,14,15,29,46,11,10,17,24,23,4,3,17,5,0,51,0,0,26,34,2047,14,62,35,22
2023-08-03,2368,595,2023-08-03 12:50:00,107,107,108,118,24,6,D,30.0,1.0,1.0,163.0,21.0,14.0,,2023-06-02 12:50:00,8/03/2023,2368,False,41,16,32,49,7,11,18,26,28,9,0,13,3,0,31,1,1,35,39,2047,18,44,52,22
2023-08-03,2368,597,2023-08-03 12:55:00,113,113,113,90,22,6,D,36.0,1.0,1.0,159.0,19.0,14.0,,2023-06-02 12:55:00,8/03/2023,2368,False,40,17,35,49,11,26,16,25,24,0,7,10,1,0,46,3,2,31,43,2047,18,54,45,20
2023-08-03,2368,600,2023-08-03 13:00:00,116,116,117,110,21,6,D,30.0,1.0,1.0,157.0,19.0,22.0,,2023-06-02 13:00:00,8/03/2023,2368,False,31,19,23,60,9,34,12,26,27,12,2,11,0,0,32,0,0,24,47,2047,13,44,27,11
2023-08-03,2368,603,2023-08-03 13:05:00,98,98,98,75,22,6,D,32.0,1.0,1.0,163.0,19.0,14.0,,2023-06-02 13:05:00,8/03/2023,2368,False,22,15,39,61,9,41,17,25,19,12,6,7,1,0,58,1,0,20,40,2047,17,61,60,18
2023-08-03,2368,606,2023-08-03 13:10:00,107,107,107,98,20,6,A,164.0,1.0,1.0,27.0,21.0,16.0,,2023-06-02 13:10:00,8/03/2023,2368,False,23,10,34,37,7,6,11,18,24,0,3,8,0,0,33,1,0,30,42,2047,15,44,37,34
2023-08-03,2368,609,2023-08-03 13:15:00,107,107,109,116,24,6,D,30.0,1.0,1.0,163.0,21.0,14.0,,2023-06-02 13:15:00,8/03/2023,2368,False,58,12,38,30,5,9,18,19,17,3,0,8,1,0,59,1,1,26,35,2047,17,66,44,26
2023-08-03,2368,611,2023-08-03 13:20:00,105,105,102,84,20,6,D,32.0,1.0,1.0,161.0,21.0,14.0,,2023-06-02 13:20:00,8/03/2023,2368,False,23,21,34,37,11,8,18,19,17,2,0,20,1,0,33,2,3,21,39,2047,19,45,32,14
2023-08-03,2368,614,2023-08-03 13:25:00,100,100,102,90,20,6,D,32.0,1.0,1.0,159.0,21.0,16.0,,2023-06-02 13:25:00,8/03/2023,2368,False,91,17,37,65,6,12,18,23,22,11,3,15,1,0,30,3,5,27,49,2047,12,34,40,15
2023-08-03,2368,617,2023-08-03 13:30:00,99,99,102,90,22,6,A,168.0,1.0,1.0,25.0,21.0,14.0,,2023-06-02 13:30:00,8/03/2023,2368,False,34,19,30,53,4,13,18,28,21,6,6,10,0,0,49,1,0,13,40,2047,14,60,32,19
2023-08-03,2368,620,2023-08-03 13:35:00,102,102,102,88,24,6,D,32.0,1.0,1.0,161.0,21.0,14.0,,2023-06-02 13:35:00,8/03/2023,2368,False,37,5,28,52,10,11,21,32,26,7,10,15,2,0,43,1,1,39,41,2047,23,63,36,17
2023-08-03,2368,623,2023-08-03 13:40:00,108,108,106,83,22,6,D,30.0,1.0,1.0,163.0,21.0,14.0,,2023-06-02 13:40:00,8/03/2023,2368,False,33,21,23,66,12,26,13,19,17,5,1,13,1,0,47,1,1,37,37,2047,16,69,46,11
2023-08-03,2368,626,2023-08-03 13:45:00,96,96,98,113,22,6,D,34.0,1.0,1.0,159.0,21.0,14.0,,2023-06-02 13:45:00,8/03/2023,2368,False,58,13,37,44,11,32,24,35,31,8,0,10,1,0,41,3,1,21,40,2047,14,46,32,40
2023-08-03,2368,629,2023-08-03 13:50:00,107,107,107,89,20,6,D,34.0,1.0,1.0,159.0,19.0,16.0,,2023-06-02 13:50:00,8/03/2023,2368,False,43,16,33,39,11,32,14,24,19,0,1,7,1,0,82,0,6,27,38,2047,16,56,53,111
2023-08-03,2368,632,2023-08-03 13:55:00,109,109,109,87,20,6,D,38.0,1.0,1.0,159.0,17.0,14.0,,2023-06-02 13:55:00,8/03/2023,2368,False,19,20,41,55,10,32,23,27,24,2,3,14,1,0,78,3,0,33,47,2047,17,49,36,101
2023-08-03,2368,635,2023-08-03 14:00:00,113,113,113,93,20,6,A,166.0,1.0,1.0,29.0,19.0,14.0,,2023-06-02 14:00:00,8/03/2023,2368,False,49,14,55,52,17,28,27,29,24,19,5,13,2,0,78,3,1,22,47,2047,14,44,46,95
2023-08-03,2368,637,2023-08-03 14:05:00,112,112,107,76,25,6,D,34.0,1.0,1.0,161.0,19.0,14.0,,2023-06-02 14:05:00,8/03/2023,2368,False,32,20,37,33,12,15,19,35,32,10,2,11,2,0,28,5,1,20,41,2047,16,41,38,26
2023-08-03,2368,640,2023-08-03 14:10:00,104,104,102,77,24,6,D,34.0,1.0,1.0,161.0,19.0,14.0,,2023-06-02 14:10:00,8/03/2023,2368,False,23,12,35,32,13,12,20,26,24,0,4,12,1,0,43,2,2,24,40,2047,14,49,64,22
2023-08-03,2368,643,2023-08-03 14:15:00,112,112,113,119,25,6,D,32.0,1.0,1.0,161.0,19.0,16.0,,2023-06-02 14:15:00,8/03/2023,2368,False,29,19,38,40,9,10,29,32,30,5,6,16,2,0,52,1,2,36,55,2047,17,85,30,18
2023-08-03,2368,646,2023-08-03 14:20:00,113,113,114,118,20,6,D,34.0,1.0,1.0,161.0,19.0,14.0,,2023-06-02 14:20:00,8/03/2023,2368,False,57,23,38,48,10,4,24,27,22,1,1,14,4,0,41,1,2,37,53,2047,13,28,63,26
2023-08-03,2368,648,2023-08-03 14:25:00,118,118,118,130,21,6,D,32.0,1.0,1.0,159.0,19.0,18.0,,2023-06-02 14:25:00,8/03/2023,2368,False,54,13,38,37,7,14,31,46,31,3,2,14,0,0,33,2,3,22,46,2047,29,37,36,39
2023-08-03,2368,651,2023-08-03 14:30:00,118,118,118,112,24,6,D,26.0,1.0,1.0,169.0,19.0,14.0,,2023-06-02 14:30:00,8/03/2023,2368,False,50,18,41,47,17,16,33,32,30,1,1,17,2,0,65,0,0,40,46,2047,14,74,44,22
2023-08-03,2368,653,2023-08-03 14:35:00,119,119,119,112,22,6,D,30.0,1.0,1.0,165.0,19.0,14.0,,2023-06-02 14:35:00,8/03/2023,2368,False,42,28,33,35,3,23,22,41,20,2,1,12,0,0,56,4,3,25,42,2047,29,67,66,17
2023-08-03,2368,656,2023-08-03 14:40:00,120,120,122,115,20,6,D,36.0,1.0,1.0,161.0,17.0,14.0,,2023-06-02 14:40:00,8/03/2023,2368,False,21,20,43,67,14,34,25,36,33,3,5,9,0,0,23,2,1,31,52,2047,24,39,22,19
2023-08-03,2368,659,2023-08-03 14:45:00,119,119,119,111,21,6,D,30.0,1.0,1.0,165.0,17.0,16.0,,2023-06-02 14:45:00,8/03/2023,2368,False,31,20,30,41,11,49,41,43,35,1,5,13,1,0,26,4,4,19,39,2047,29,48,34,23
2023-08-03,2368,661,2023-08-03 14:50:00,120,120,121,121,25,6,D,32.0,1.0,1.0,161.0,21.0,14.0,,2023-06-02 14:50:00,8/03/2023,2368,False,84,17,35,60,10,14,37,39,36,4,6,14,1,0,29,0,0,43,56,2047,30,28,49,22
2023-08-03,2368,664,2023-08-03 14:55:00,116,116,116,104,20,6,D,32.0,1.0,1.0,165.0,17.0,14.0,,2023-06-02 14:55:00,8/03/2023,2368,False,54,22,30,41,11,8,28,36,32,0,0,13,0,0,55,1,11,25,30,2047,21,93,50,13
2023-08-03,2368,666,2023-08-03 15:00:00,119,119,119,109,20,6,D,32.0,1.0,1.0,161.0,17.0,18.0,,2023-06-02 15:00:00,8/03/2023,2368,False,103,12,46,58,10,8,35,44,28,1,1,1,0,0,20,0,3,34,54,2047,12,45,15,18
2023-08-03,2368,669,2023-08-03 15:05:00,119,119,119,123,21,6,D,32.0,1.0,1.0,161.0,17.0,18.0,,2023-06-02 15:05:00,8/03/2023,2368,False,28,13,36,46,7,9,37,46,36,7,2,8,2,0,10,6,0,20,30,2047,16,30,27,9
2023-08-03,2368,671,2023-08-03 15:10:00,118,118,118,98,22,6,D,32.0,1.0,1.0,161.0,17.0,18.0,,2023-06-02 15:10:00,8/03/2023,2368,False,70,21,49,55,7,10,19,29,33,3,3,12,1,0,3,3,5,34,56,2047,23,16,26,17
2023-08-03,2368,674,2023-08-03 15:15:00,117,117,117,112,25,6,D,32.0,1.0,1.0,161.0,17.0,18.0,,2023-06-02 15:15:00,8/03/2023,2368,False,75,17,31,36,8,14,26,33,31,4,0,15,0,0,5,1,5,14,36,2047,28,24,34,28
2023-08-03,2368,676,2023-08-03 15:20:00,120,120,121,112,25,6,D,32.0,1.0,1.0,161.0,17.0,18.0,,2023-06-02 15:20:00,8/03/2023,2368,False,76,18,45,57,12,7,28,37,37,2,3,16,1,0,8,2,5,38,68,2047,24,27,19,21
2023-08-03,2368,679,2023-08-03 15:25:00,120,120,126,138,20,6,D,32.0,1.0,1.0,161.0,17.0,18.0,,2023-06-02 15:25:00,8/03/2023,2368,False,16,21,31,36,8,10,33,48,40,0,1,7,0,0,41,1,2,33,43,2047,35,38,57,28
2023-08-03,2368,681,2023-08-03 15:30:00,120,120,123,114,25,6,D,32.0,1.0,1.0,161.0,17.0,18.0,,2023-06-02 15:30:00,8/03/2023,2368,False,0,21,46,57,8,52,28,38,41,2,6,6,1,0,44,1,0,37,66,2047,12,35,47,17
2023-08-03,2368,684,2023-08-03 15:35:00,118,118,119,130,21,6,D,32.0,1.0,1.0,161.0,17.0,18.0,,2023-06-02 15:35:00,8/03/2023,2368,False,49,19,32,35,16,49,38,38,37,0,5,6,0,0,45,5,4,29,41,2047,29,48,52,42
2023-08-03,2368,686,2023-08-03 15:40:00,120,120,121,111,21,6,D,32.0,1.0,1.0,161.0,17.0,18.0,,2023-06-02 15:40:00,8/03/2023,2368,False,51,20,45,52,8,25,28,40,39,2,10,11,1,0,63,0,1,25,64,2047,20,52,42,41
2023-08-03,2368,689,2023-08-03 15:45:00,113,113,113,97,24,6,D,32.0,1.0,1.0,161.0,17.0,18.0,,2023-06-02 15:45:00,8/03/2023,2368,False,70,17,39,34,9,35,29,30,23,1,4,12,2,0,31,0,3,30,54,2047,29,45,32,24
2023-08-03,2368,692,2023-08-03 15:50:00,113,113,113,95,24,6,D,32.0,1.0,1.0,161.0,17.0,18.0,,2023-06-02 15:50:00,8/03/2023,2368,False,50,17,43,40,6,49,42,43,40,3,9,10,0,0,24,0,2,23,56,2047,20,30,28,44
2023-08-03,2368,694,2023-08-03 15:55:00,115,115,115,110,24,6,D,32.0,1.0,1.0,161.0,17.0,18.0,,2023-06-02 15:55:00,8/03/2023,2368,False,30,21,43,57,9,25,24,36,27,2,0,8,1,0,26,3,5,33,51,2047,21,34,34,19
2023-08-03,2368,697,2023-08-03 16:00:00,120,120,121,117,25,6,D,32.0,1.0,1.0,161.0,17.0,18.0,,2023-06-02 16:00:00,8/03/2023,2368,False,26,28,30,41,7,17,44,44,45,0,2,15,1,0,20,2,0,16,42,2047,24,51,22,13
2023-08-03,2368,699,2023-08-03 16:05:00,117,117,116,94,20,6,D,32.0,1.0,1.0,161.0,17.0,18.0,,2023-06-02 16:05:00,8/03/2023,2368,False,30,16,50,60,7,14,35,44,37,1,12,4,1,0,55,1,1,35,65,2047,25,73,27,14
2023-08-03,2368,702,2023-08-03 16:10:00,116,116,117,115,24,6,D,32.0,1.0,1.0,161.0,17.0,18.0,,2023-06-02 16:10:00,8/03/2023,2368,False,17,20,32,37,8,8,30,45,35,1,1,13,0,0,55,0,1,31,51,2047,18,96,20,26
2023-08-03,2368,704,2023-08-03 16:15:00,118,118,118,97,24,6,D,32.0,1.0,1.0,161.0,17.0,18.0,,2023-06-02 16:15:00,8/03/2023,2368,False,46,12,46,58,11,15,29,43,37,0,4,10,1,0,22,1,2,31,52,2047,19,38,15,16
2023-08-03,2368,707,2023-08-03 16:20:00,120,120,121,115,24,6,D,32.0,1.0,1.0,161.0,17.0,18.0,,2023-06-02 16:20:00,8/03/2023,2368,False,48,21,37,45,10,11,33,34,32,4,2,9,0,0,15,0,2,21,40,2047,33,34,22,25
2023-08-03,2368,709,2023-08-03 16:25:00,120,120,123,116,25,6,D,32.0,1.0,1.0,161.0,17.0,18.0,,2023-06-02 16:25:00,8/03/2023,2368,False,5,12,41,46,7,43,41,49,44,1,5,9,0,0,49,1,0,31,51,2047,19,65,29,11
2023-08-03,2368,712,2023-08-03 16:30:00,119,119,119,110,24,6,D,32.0,1.0,1.0,161.0,17.0,18.0,,2023-06-02 16:30:00,8/03/2023,2368,False,46,22,40,42,6,45,31,35,26,0,2,12,0,0,27,2,1,45,52,2047,17,55,27,18
2023-08-03,2368,715,2023-08-03 16:35:00,118,118,118,108,24,6,D,32.0,1.0,1.0,161.0,17.0,18.0,,2023-06-02 16:35:00,8/03/2023,2368,False,66,12,39,58,10,49,46,52,49,1,4,11,5,0,57,0,10,32,41,2047,20,47,67,22
2023-08-03,2368,717,2023-08-03 16:40:00,119,119,119,105,24,6,D,32.0,1.0,1.0,161.0,17.0,18.0,,2023-06-02 16:40:00,8/03/2023,2368,False,16,21,42,64,19,17,28,35,25,2,0,6,3,0,37,2,0,36,46,2047,21,40,33,18
2023-08-03,2368,720,2023-08-03 16:45:00,120,120,120,113,22,6,D,32.0,1.0,1.0,161.0,17.0,18.0,,2023-06-02 16:45:00,8/03/2023,2368,False,21,10,37,47,5,16,44,54,51,2,1,13,1,0,48,3,1,35,44,2047,21,71,20,36
2023-08-03,2368,722,2023-08-03 16:50:00,118,118,118,109,24,6,D,32.0,1.0,1.0,161.0,17.0,18.0,,2023-06-02 16:50:00,8/03/2023,2368,False,33,21,42,47,15,26,27,37,33,0,3,14,0,0,23,0,3,34,52,2047,30,48,30,38
2023-08-03,2368,725,2023-08-03 16:55:00,120,120,121,112,24,6,D,32.0,1.0,1.0,161.0,17.0,18.0,,2023-06-02 16:55:00,8/03/2023,2368,False,47,13,39,46,10,13,46,50,47,2,2,7,3,0,27,3,0,32,46,2047,29,27,51,18
2023-08-03,2368,727,2023-08-03 17:00:00,120,120,121,111,24,6,D,32.0,1.0,1.0,161.0,17.0,18.0,,2023-06-02 17:00:00,8/03/2023,2368,False,33,20,41,61,12,27,24,40,31,4,3,12,0,0,28,1,1,30,45,2047,24,19,39,28
2023-08-03,2368,730,2023-08-03 17:05:00,119,119,119,100,20,6,D,32.0,1.0,1.0,161.0,17.0,18.0,,2023-06-02 17:05:00,8/03/2023,2368,False,83,16,41,48,12,92,44,54,39,5,2,8,2,0,9,1,4,26,38,2047,12,23,31,27
2023-08-03,2368,732,2023-08-03 17:10:00,118,118,118,122,21,6,D,32.0,1.0,1.0,161.0,17.0,18.0,,2023-06-02 17:10:00,8/03/2023,2368,False,61,15,40,64,11,22,31,32,30,1,3,11,2,0,15,1,10,38,60,2047,20,21,30,26
2023-08-03,2368,735,2023-08-03 17:15:00,118,118,118,102,25,6,D,32.0,1.0,1.0,161.0,17.0,18.0,,2023-06-02 17:15:00,8/03/2023,2368,False,72,15,38,43,6,31,43,55,44,0,2,13,1,0,8,0,1,27,48,2047,36,34,31,21
2023-08-03,2368,737,2023-08-03 17:20:00,119,119,120,110,20,6,D,32.0,1.0,1.0,161.0,17.0,18.0,,2023-06-02 17:20:00,8/03/2023,2368,False,110,15,47,64,17,25,32,34,30,1,0,19,6,0,53,1,13,45,50,2047,39,39,64,42
2023-08-03,2368,740,2023-08-03 17:25:00,120,120,121,108,24,6,D,32.0,1.0,1.0,161.0,17.0,18.0,,2023-06-02 17:25:00,8/03/2023,2368,False,62,21,33,46,13,16,44,50,47,2,5,16,1,0,21,0,5,24,30,2047,23,30,29,34
2023-08-03,2368,742,2023-08-03 17:30:00,119,119,120,119,24,6,D,32.0,1.0,1.0,161.0,17.0,18.0,,2023-06-02 17:30:00,8/03/2023,2368,False,71,18,50,71,19,38,24,36,32,1,0,16,5,0,23,1,5,37,57,2047,37,23,52,13
2023-08-03,2368,745,2023-08-03 17:35:00,120,120,120,110,22,6,D,32.0,1.0,1.0,161.0,17.0,18.0,,2023-06-02 17:35:00,8/03/2023,2368,False,59,11,37,47,9,48,44,47,49,1,4,11,2,0,28,2,7,28,54,2047,43,24,47,30
2023-08-03,2368,747,2023-08-03 17:40:00,118,118,117,99,20,6,D,32.0,1.0,1.0,161.0,17.0,18.0,,2023-06-02 17:40:00,8/03/2023,2368,False,54,29,51,65,19,58,30,38,38,3,2,14,1,0,82,0,5,35,47,2047,23,64,59,15
2023-08-03,2368,750,2023-08-03 17:45:00,120,120,120,111,24,6,D,32.0,1.0,1.0,161.0,17.0,18.0,,2023-06-02 17:45:00,8/03/2023,2368,False,59,24,40,49,15,44,41,43,38,1,2,6,2,0,41,0,2,19,42,2047,23,49,42,11
2023-08-03,2368,752,2023-08-03 17:50:00,120,120,121,109,20,6,D,32.0,1.0,1.0,161.0,17.0,18.0,,2023-06-02 17:50:00,8/03/2023,2368,False,105,14,48,63,13,78,33,36,39,1,3,14,2,0,42,1,5,31,61,2047,34,45,39,17
2023-08-03,2368,755,2023-08-03 17:55:00,120,120,120,106,20,6,D,32.0,1.0,1.0,161.0,17.0,18.0,,2023-06-02 17:55:00,8/03/2023,2368,False,52,18,29,44,22,66,40,53,44,1,4,9,5,0,60,0,2,21,40,2047,17,47,73,17
2023-08-03,2368,757,2023-08-03 18:00:00,118,118,117,90,24,6,D,32.0,1.0,1.0,161.0,17.0,18.0,,2023-06-02 18:00:00,8/03/2023,2368,False,41,22,50,68,11,70,32,46,34,5,12,8,1,0,40,1,1,25,80,2047,24,35,24,38
2023-08-03,2368,760,2023-08-03 18:05:00,119,119,119,112,25,6,D,32.0,1.0,1.0,161.0,17.0,18.0,,2023-06-02 18:05:00,8/03/2023,2368,False,46,22,34,52,15,74,34,44,35,7,1,8,0,0,56,1,5,27,31,2047,23,85,35,28
2023-08-03,2368,762,2023-08-03 18:10:00,120,120,120,109,24,6,D,32.0,1.0,1.0,161.0,17.0,18.0,,2023-06-02 18:10:00,8/03/2023,2368,False,40,13,48,56,9,50,34,44,37,1,2,5,3,0,32,2,2,44,53,2047,19,19,23,38
2023-08-03,2368,765,2023-08-03 18:15:00,118,118,117,99,20,6,D,32.0,1.0,1.0,161.0,17.0,18.0,,2023-06-02 18:15:00,8/03/2023,2368,False,50,21,27,44,13,91,32,37,35,1,2,8,0,0,54,6,2,27,37,2047,22,67,39,30
2023-08-03,2368,767,2023-08-03 18:20:00,116,116,116,111,22,6,D,32.0,1.0,1.0,161.0,17.0,18.0,,2023-06-02 18:20:00,8/03/2023,2368,False,71,15,49,62,13,44,34,49,33,3,2,17,1,0,81,3,5,45,62,2047,19,96,26,41
2023-08-03,2368,770,2023-08-03 18:25:00,117,117,117,93,20,6,D,32.0,1.0,1.0,161.0,17.0,18.0,,2023-06-02 18:25:00,8/03/2023,2368,False,40,13,34,44,6,16,18,25,26,0,7,10,3,0,19,4,1,26,42,2047,50,36,30,32
2023-08-03,2368,773,2023-08-03 18:30:00,115,115,113,87,20,6,A,162.0,1.0,1.0,29.0,23.0,14.0,,2023-06-02 18:30:00,8/03/2023,2368,False,107,18,38,55,8,15,26,31,34,1,4,20,5,0,77,1,8,28,42,2047,32,102,39,15
2023-08-03,2368,775,2023-08-03 18:35:00,115,115,113,91,20,6,A,168.0,1.0,1.0,29.0,17.0,14.0,,2023-06-02 18:35:00,8/03/2023,2368,True,129,22,54,84,11,47,16,25,15,4,1,12,4,0,35,3,13,26,59,2047,21,47,36,26
2023-08-03,2368,778,2023-08-03 18:40:00,109,109,107,97,21,6,A,166.0,1.0,1.0,25.0,21.0,16.0,,2023-06-02 18:40:00,8/03/2023,2368,False,50,22,34,38,12,46,19,19,20,6,1,13,2,0,45,1,5,21,41,2047,38,51,75,24
2023-08-03,2368,781,2023-08-03 18:45:00,110,110,110,97,22,6,A,166.0,1.0,1.0,29.0,19.0,14.0,,2023-06-02 18:45:00,8/03/2023,2368,False,98,14,47,41,12,24,16,28,26,4,0,12,0,0,59,7,8,43,56,2047,33,56,81,38
2023-08-03,2368,783,2023-08-03 18:50:00,117,117,117,115,21,6,A,164.0,1.0,1.0,29.0,19.0,16.0,,2023-06-02 18:50:00,8/03/2023,2368,False,64,19,37,54,13,33,28,36,28,5,14,15,1,0,45,5,3,25,82,2047,32,69,24,18
2023-08-03,2368,786,2023-08-03 18:55:00,110,110,110,94,20,6,D,34.0,1.0,1.0,161.0,19.0,14.0,,2023-06-02 18:55:00,8/03/2023,2368,False,55,16,41,54,8,9,22,32,22,2,4,7,3,0,57,7,3,34,52,2047,33,65,44,38
2023-08-03,2368,789,2023-08-03 19:00:00,101,101,101,84,22,6,D,28.0,1.0,1.0,167.0,19.0,14.0,,2023-06-02 19:00:00,8/03/2023,2368,False,29,13,34,53,11,59,28,30,21,16,7,14,1,0,67,3,0,30,38,2047,26,78,61,38
2023-08-03,2368,792,2023-08-03 19:05:00,97,97,101,100,20,6,D,28.0,1.0,1.0,163.0,21.0,16.0,,2023-06-02 19:05:00,8/03/2023,2368,False,47,22,32,34,13,58,25,38,27,2,14,11,4,0,108,6,3,24,61,2047,24,54,65,106
2023-08-03,2368,795,2023-08-03 19:10:00,110,110,110,92,25,6,A,164.0,1.0,1.0,29.0,21.0,14.0,,2023-06-02 19:10:00,8/03/2023,2368,False,40,17,43,61,8,14,32,32,24,5,4,6,2,0,36,2,1,18,35,2047,31,45,36,23
2023-08-03,2368,797,2023-08-03 19:15:00,107,107,107,92,24,6,D,34.0,1.0,1.0,161.0,19.0,14.0,,2023-06-02 19:15:00,8/03/2023,2368,False,71,29,40,64,10,25,30,42,32,11,1,10,2,0,55,2,5,31,48,2047,28,37,57,38
2023-08-03,2368,800,2023-08-03 19:20:00,114,114,114,95,22,6,D,28.0,1.0,1.0,163.0,21.0,16.0,,2023-06-02 19:20:00,8/03/2023,2368,False,53,25,36,38,11,19,22,33,23,1,5,9,0,0,89,2,8,24,50,2047,18,118,41,42
2023-08-03,2368,803,2023-08-03 19:25:00,117,117,115,86,24,6,D,28.0,1.0,1.0,167.0,19.0,14.0,,2023-06-02 19:25:00,8/03/2023,2368,False,44,18,38,30,5,25,27,30,27,4,15,6,0,0,55,4,1,13,61,2047,17,53,38,24
2023-08-03,2368,805,2023-08-03 19:30:00,100,100,100,62,20,6,D,24.0,1.0,1.0,171.0,19.0,14.0,,2023-06-02 19:30:00,8/03/2023,2368,False,43,19,32,58,10,71,27,42,25,14,3,10,3,0,57,8,6,19,42,2047,34,55,31,33
2023-08-03,2368,808,2023-08-03 19:35:00,95,95,100,105,22,6,D,26.0,1.0,1.0,167.0,21.0,14.0,,2023-06-02 19:35:00,8/03/2023,2368,False,58,24,42,59,9,52,25,38,28,0,15,13,2,0,70,0,8,18,60,2047,26,99,32,29
2023-08-03,2368,811,2023-08-03 19:40:00,112,112,112,97,20,6,D,34.0,1.0,1.0,161.0,19.0,14.0,,2023-06-02 19:40:00,8/03/2023,2368,False,20,13,42,67,10,35,18,25,28,12,2,6,1,0,101,4,3,22,51,2047,16,68,100,26
2023-08-03,2368,814,2023-08-03 19:45:00,106,106,106,91,21,6,D,32.0,1.0,1.0,159.0,19.0,18.0,,2023-06-02 19:45:00,8/03/2023,2368,False,27,13,36,54,7,7,16,26,18,1,4,15,1,0,76,1,2,16,38,2047,24,131,30,14
2023-08-03,2368,817,2023-08-03 19:50:00,94,94,94,86,20,6,D,28.0,1.0,1.0,165.0,21.0,14.0,,2023-06-02 19:50:00,8/03/2023,2368,False,69,13,26,45,8,8,21,29,24,8,5,6,1,0,73,0,0,11,34,2047,34,75,37,34
2023-08-03,2368,820,2023-08-03 19:55:00,91,91,90,84,21,6,D,26.0,1.0,1.0,167.0,21.0,14.0,,2023-06-02 19:55:00,8/03/2023,2368,False,16,19,27,29,12,5,16,20,13,5,7,8,1,0,104,0,0,19,34,2047,51,79,57,72
2023-08-03,2368,823,2023-08-03 20:00:00,90,90,89,82,22,6,D,24.0,1.0,1.0,167.0,21.0,16.0,,2023-06-02 20:00:00,8/03/2023,2368,False,12,13,29,34,6,12,18,26,18,1,1,5,0,0,37,0,0,23,42,2047,15,41,23,14
2023-08-03,2368,827,2023-08-03 20:05:00,93,93,93,84,22,6,D,18.0,1.0,1.0,177.0,19.0,14.0,,2023-06-02 20:05:00,8/03/2023,2368,False,13,11,24,32,4,13,18,29,28,4,3,10,0,0,20,10,1,14,23,2047,10,30,20,21
2023-08-03,2368,830,2023-08-03 20:10:00,96,96,96,88,21,6,D,22.0,1.0,1.0,175.0,17.0,14.0,,2023-06-02 20:10:00,8/03/2023,2368,False,15,19,24,30,10,41,15,16,19,1,4,12,0,0,73,1,0,17,32,2047,16,125,34,12
2023-08-03,2368,833,2023-08-03 20:15:00,91,91,91,90,22,6,D,22.0,1.0,1.0,175.0,17.0,14.0,,2023-06-02 20:15:00,8/03/2023,2368,False,34,20,27,34,5,26,17,22,18,8,4,5,0,0,51,1,0,19,24,2047,16,75,23,12
2023-08-03,2368,837,2023-08-03 20:20:00,87,87,87,84,20,6,D,18.0,1.0,1.0,179.0,17.0,14.0,,2023-06-02 20:20:00,8/03/2023,2368,False,16,18,32,36,10,56,16,25,13,5,2,8,5,1,51,2,1,14,23,1,33,80,15,21
2023-08-03,2368,840,2023-08-03 20:25:00,95,95,92,62,20,6,D,16.0,1.0,1.0,183.0,15.0,14.0,,2023-06-02 20:25:00,8/03/2023,2368,False,16,28,29,33,9,24,20,19,18,2,1,6,1,0,18,3,0,22,34,0,12,34,20,21
2023-08-03,2368,843,2023-08-03 20:30:00,94,94,98,89,22,6,D,22.0,1.0,1.0,173.0,17.0,16.0,,2023-06-02 20:30:00,8/03/2023,2368,False,10,9,41,49,4,22,18,11,19,0,3,2,1,0,17,0,0,21,37,0,13,26,17,16
2023-08-03,2368,846,2023-08-03 20:35:00,96,96,97,90,20,6,D,24.0,1.0,1.0,173.0,17.0,14.0,,2023-06-02 20:35:00,8/03/2023,2368,False,14,12,25,27,8,12,21,31,26,3,3,7,1,0,13,1,0,12,30,0,9,19,21,14
2023-08-03,2368,849,2023-08-03 20:40:00,96,96,94,85,21,6,D,22.0,1.0,1.0,177.0,15.0,14.0,,2023-06-02 20:40:00,8/03/2023,2368,False,7,18,18,18,8,7,13,24,18,2,1,5,3,0,36,1,0,16,24,0,12,52,23,18
2023-08-03,2368,853,2023-08-03 20:45:00,80,80,80,69,22,6,D,20.0,1.0,1.0,175.0,19.0,14.0,,2023-06-02 20:45:00,8/03/2023,2368,False,17,23,24,24,12,5,20,32,13,5,1,5,3,1,56,2,0,29,29,1,10,77,18,8
2023-08-03,2368,856,2023-08-03 20:50:00,91,91,93,105,21,6,D,22.0,1.0,1.0,169.0,19.0,18.0,,2023-06-02 20:50:00,8/03/2023,2368,False,10,19,31,30,3,7,13,20,18,3,2,6,0,0,75,3,0,21,30,0,10,92,36,12
2023-08-03,2368,860,2023-08-03 20:55:00,80,80,80,70,20,6,D,18.0,1.0,1.0,177.0,19.0,14.0,,2023-06-02 20:55:00,8/03/2023,2368,False,9,21,29,26,10,10,16,24,14,0,4,9,3,0,36,0,2,12,15,0,39,66,11,16
2023-08-03,2368,864,2023-08-03 21:00:00,97,97,97,97,20,6,D,28.0,1.0,1.0,167.0,19.0,14.0,,2023-06-02 21:00:00,8/03/2023,2368,False,12,16,35,34,4,6,9,16,16,0,1,1,0,1,67,1,1,11,28,1,20,70,43,23
2023-08-03,2368,867,2023-08-03 21:05:00,89,89,89,149,23,6,D,24.0,1.0,1.0,171.0,19.0,14.0,,2023-06-02 21:05:00,8/03/2023,2368,False,7,14,32,27,2,9,17,25,14,2,2,3,0,0,49,2,0,12,33,2,13,55,22,20
2023-08-03,2368,870,2023-08-03 21:10:00,100,100,95,64,20,6,D,26.0,1.0,1.0,171.0,17.0,14.0,,2023-06-02 21:10:00,8/03/2023,2368,False,0,17,27,29,9,13,12,17,11,5,0,9,0,0,45,2,2,16,21,1,8,56,25,14
2023-08-03,2368,873,2023-08-03 21:15:00,89,89,89,58,20,6,D,22.0,1.0,1.0,175.0,17.0,14.0,,2023-06-02 21:15:00,8/03/2023,2368,False,11,7,34,37,5,10,9,22,16,4,1,3,0,0,36,1,0,17,29,0,11,40,21,9
2023-08-03,2368,877,2023-08-03 21:20:00,80,80,80,55,22,6,D,16.0,1.0,1.0,179.0,19.0,14.0,,2023-06-02 21:20:00,8/03/2023,2368,False,12,15,27,41,7,8,9,22,18,10,2,9,0,0,28,1,0,12,27,1,12,28,18,13
2023-08-03,2368,880,2023-08-03 21:25:00,80,80,86,88,21,6,D,16.0,1.0,1.0,181.0,17.0,14.0,,2023-06-02 21:25:00,8/03/2023,2368,False,18,14,21,26,9,11,25,26,34,1,4,6,1,0,48,7,1,9,21,0,10,57,14,14
2023-08-03,2368,884,2023-08-03 21:30:00,87,87,82,41,20,6,D,14.0,1.0,1.0,185.0,15.0,14.0,,2023-06-02 21:30:00,8/03/2023,2368,False,9,11,27,42,2,18,14,22,19,6,3,6,0,0,29,2,0,12,26,0,15,31,13,11
2023-08-03,2368,887,2023-08-03 21:35:00,80,80,80,66,20,6,D,16.0,1.0,1.0,181.0,17.0,14.0,,2023-06-02 21:35:00,8/03/2023,2368,False,12,17,28,33,1,47,11,20,14,2,2,6,0,0,64,2,0,13,28,0,9,89,15,16
2023-08-03,2368,891,2023-08-03 21:40:00,80,80,80,68,20,6,D,16.0,1.0,1.0,181.0,17.0,14.0,,2023-06-02 21:40:00,8/03/2023,2368,False,13,14,20,36,2,23,17,25,14,5,2,6,0,0,59,5,0,13,19,0,33,95,12,19
2023-08-03,2368,895,2023-08-03 21:45:00,80,80,80,38,20,6,D,20.0,1.0,1.0,179.0,15.0,14.0,,2023-06-02 21:45:00,8/03/2023,2368,False,9,10,23,29,5,49,16,23,7,6,4,6,0,0,44,0,0,11,19,0,38,71,17,11
2023-08-03,2368,899,2023-08-03 21:50:00,80,80,80,65,20,6,D,22.0,1.0,1.0,177.0,15.0,14.0,,2023-06-02 21:50:00,8/03/2023,2368,False,9,16,26,26,2,11,8,13,13,6,2,3,0,0,38,0,0,9,23,0,35,59,11,5
2023-08-03,2368,902,2023-08-03 21:55:00,60,60,64,33,22,6,D,22.0,1.0,1.0,177.0,15.0,14.0,,2023-06-02 21:55:00,8/03/2023,2368,False,9,15,20,26,6,18,13,23,9,2,3,5,0,0,56,1,1,16,27,0,11,94,9,10
2023-08-03,2368,907,2023-08-03 22:00:00,60,60,74,121,22,6,D,34.0,1.0,1.0,159.0,21.0,14.0,,2023-06-02 22:00:00,8/03/2023,2368,False,4,17,16,22,5,17,11,18,13,2,3,1,0,0,39,3,0,12,25,0,8,47,7,10
2023-08-03,2368,912,2023-08-03 22:05:00,60,60,60,63,24,6,A,166.0,1.0,1.0,27.0,21.0,14.0,,2023-06-02 22:05:00,8/03/2023,2368,False,5,12,29,22,2,36,5,11,10,3,3,1,2,0,22,3,1,11,17,0,5,33,12,4
2023-08-03,2368,917,2023-08-03 22:10:00,60,60,60,45,20,6,A,168.0,1.0,1.0,25.0,21.0,14.0,,2023-06-02 22:10:00,8/03/2023,2368,False,8,9,29,24,2,33,10,14,13,3,3,2,0,0,37,7,0,9,25,0,6,49,19,7
2023-08-03,2368,922,2023-08-03 22:15:00,80,80,80,58,20,6,A,168.0,1.0,1.0,25.0,21.0,14.0,,2023-06-02 22:15:00,8/03/2023,2368,False,6,11,19,19,3,6,7,18,11,1,2,6,1,0,42,3,0,12,18,0,4,38,23,14
2023-08-03,2368,926,2023-08-03 22:20:00,60,60,63,46,22,6,A,180.0,1.0,1.0,19.0,15.0,14.0,,2023-06-02 22:20:00,8/03/2023,2368,False,7,9,16,23,3,7,9,20,10,3,0,5,0,0,32,1,0,10,18,0,11,36,18,12
2023-08-03,2368,931,2023-08-03 22:25:00,60,60,68,93,24,6,A,166.0,1.0,1.0,25.0,21.0,16.0,,2023-06-02 22:25:00,8/03/2023,2368,False,7,8,15,13,6,5,7,11,11,2,0,4,0,0,60,0,2,11,23,0,10,65,27,22
2023-08-03,2368,936,2023-08-03 22:30:00,60,60,60,65,22,6,D,28.0,1.0,1.0,165.0,21.0,14.0,,2023-06-02 22:30:00,8/03/2023,2368,False,2,7,16,17,4,5,10,7,10,5,1,3,1,0,43,1,0,11,19,0,6,42,20,21
2023-08-03,2368,941,2023-08-03 22:35:00,80,80,80,98,20,6,D,26.0,1.0,1.0,167.0,21.0,14.0,,2023-06-02 22:35:00,8/03/2023,2368,False,7,8,23,32,3,6,6,16,13,4,1,1,0,0,71,2,0,5,15,0,14,73,24,31
2023-08-03,2368,945,2023-08-03 22:40:00,60,60,63,38,20,6,D,22.0,1.0,1.0,177.0,15.0,14.0,,2023-06-02 22:40:00,8/03/2023,2368,False,5,11,14,21,5,3,12,13,15,2,7,3,0,0,72,5,1,13,25,0,19,98,22,8
2023-08-03,2368,950,2023-08-03 22:45:00,60,60,74,88,20,6,D,24.0,1.0,1.0,167.0,21.0,16.0,,2023-06-02 22:45:00,8/03/2023,2368,False,6,10,17,28,2,5,7,18,12,3,4,2,0,0,59,9,1,17,18,0,31,86,28,10
2023-08-03,2368,955,2023-08-03 22:50:00,60,60,67,92,20,6,D,28.0,1.0,1.0,165.0,21.0,14.0,,2023-06-02 22:50:00,8/03/2023,2368,False,6,4,18,37,4,10,8,9,13,14,1,4,0,0,90,2,0,6,10,0,6,139,19,9
2023-08-03,2368,960,2023-08-03 22:55:00,60,60,60,51,20,6,D,28.0,1.0,1.0,165.0,21.0,14.0,,2023-06-02 22:55:00,8/03/2023,2368,False,4,4,22,28,3,14,6,7,23,15,4,2,1,0,86,8,0,12,14,0,8,95,30,14
2023-08-03,2368,965,2023-08-03 23:00:00,60,60,60,27,25,6,D,22.0,1.0,1.0,173.0,19.0,14.0,,2023-06-02 23:00:00,8/03/2023,2368,False,4,4,18,15,3,6,6,11,11,3,4,2,0,0,38,1,0,10,21,0,11,33,17,9
2023-08-03,2368,970,2023-08-03 23:05:00,60,60,69,113,20,6,D,24.0,1.0,1.0,169.0,19.0,16.0,,2023-06-02 23:05:00,8/03/2023,2368,False,9,5,15,15,1,2,6,7,6,4,1,6,0,0,33,1,4,8,16,0,4,38,12,5
2023-08-03,2368,975,2023-08-03 23:10:00,60,60,60,57,20,6,D,22.0,1.0,1.0,173.0,19.0,14.0,,2023-06-02 23:10:00,8/03/2023,2368,False,4,2,11,18,5,2,6,9,6,3,3,1,2,0,33,2,0,3,10,0,9,40,15,11
2023-08-03,2368,980,2023-08-03 23:15:00,60,60,60,69,20,6,D,22.0,1.0,1.0,173.0,19.0,14.0,,2023-06-02 23:15:00,8/03/2023,2368,False,2,3,23,19,0,7,5,9,12,10,2,0,0,0,28,0,0,6,9,0,0,28,16,7
2023-08-03,2368,985,2023-08-03 23:20:00,60,60,60,65,20,6,D,22.0,1.0,1.0,173.0,19.0,14.0,,2023-06-02 23:20:00,8/03/2023,2368,False,5,1,18,18,0,3,6,15,10,9,0,2,0,0,38,3,0,2,11,0,6,36,11,16
2023-08-03,2368,990,2023-08-03 23:25:00,60,60,60,31,20,6,D,22.0,1.0,1.0,173.0,19.0,14.0,,2023-06-02 23:25:00,8/03/2023,2368,False,8,1,13,17,0,9,7,11,9,8,5,3,0,0,22,1,0,13,12,0,8,16,9,11
2023-08-03,2368,995,2023-08-03 23:30:00,60,60,60,62,20,6,D,22.0,1.0,1.0,173.0,19.0,14.0,,2023-06-02 23:30:00,8/03/2023,2368,False,7,4,11,7,4,12,5,9,7,0,4,1,1,0,21,4,0,10,11,0,4,17,14,12
2023-08-03,2368,1000,2023-08-03 23:35:00,60,60,60,71,20,6,D,22.0,1.0,1.0,173.0,19.0,14.0,,2023-06-02 23:35:00,8/03/2023,2368,False,6,3,16,8,8,22,5,12,5,2,4,2,3,0,37,2,1,6,13,0,18,38,27,8
2023-08-03,2368,1005,2023-08-03 23:40:00,60,60,60,43,22,6,D,22.0,1.0,1.0,173.0,19.0,14.0,,2023-06-02 23:40:00,8/03/2023,2368,False,7,4,8,9,8,19,4,10,10,3,4,1,3,0,50,2,4,4,12,0,23,62,10,10
2023-08-03,2368,1010,2023-08-03 23:45:00,60,60,60,54,22,6,D,22.0,1.0,1.0,173.0,19.0,14.0,,2023-06-02 23:45:00,8/03/2023,2368,False,5,4,13,7,2,13,2,7,5,3,2,0,1,0,64,0,2,1,10,0,3,86,15,6
2023-08-03,2368,1015,2023-08-03 23:50:00,60,60,60,40,20,6,D,22.0,1.0,1.0,173.0,19.0,14.0,,2023-06-02 23:50:00,8/03/2023,2368,False,4,0,8,8,6,12,3,9,9,2,5,2,4,0,50,0,0,5,11,0,6,69,13,14
2023-08-03,2368,1020,2023-08-03 23:55:00,60,60,60,30,20,6,D,22.0,1.0,1.0,173.0,19.0,14.0,,2023-06-02 23:55:00,8/03/2023,2368,False,3,3,4,9,4,20,2,6,4,4,1,0,2,0,72,1,0,5,11,0,1,75,21,11
