Date,Site_ID,Cycle_sequence,Combined_DateTime,Planned_ cyclelength,Actual_ cyclelength,Required_ cyclelength,DS,Strategic_ approach_control_cy_time,Subsystem_No,Stretched_ phase,A,B,C,D,E,F,G,Rounded_Time
2023-08-03,2368,1,2023-08-03 00:00:00,60,60,60,16,20,6,A,178.0,1.0,1.0,17.0,19.0,14.0,,2023-06-16 00:00:00
2023-08-03,2368,6,2023-08-03 00:05:00,60,60,60,27,20,6,A,176.0,1.0,1.0,19.0,19.0,14.0,,2023-06-16 00:05:00
2023-08-03,2368,11,2023-08-03 00:10:00,60,60,60,29,20,6,A,176.0,1.0,1.0,19.0,19.0,14.0,,2023-06-16 00:10:00
2023-08-03,2368,16,2023-08-03 00:15:00,60,60,60,28,21,6,A,176.0,1.0,1.0,19.0,19.0,14.0,,2023-06-16 00:15:00
2023-08-03,2368,21,2023-08-03 00:20:00,60,60,60,28,24,6,A,178.0,1.0,1.0,17.0,19.0,14.0,,2023-06-16 00:20:00
2023-08-03,2368,26,2023-08-03 00:25:00,60,60,60,16,20,6,A,178.0,1.0,1.0,17.0,19.0,14.0,,2023-06-16 00:25:00
2023-08-03,2368,31,2023-08-03 00:30:00,60,60,60,45,21,6,A,178.0,1.0,1.0,17.0,19.0,14.0,,2023-06-16 00:30:00
2023-08-03,2368,36,2023-08-03 00:35:00,60,60,60,12,20,6,A,180.0,1.0,1.0,15.0,19.0,14.0,,2023-06-16 00:35:00
2023-08-03,2368,41,2023-08-03 00:40:00,60,60,60,20,24,6,A,180.0,1.0,1.0,15.0,19.0,14.0,,2023-06-16 00:40:00
2023-08-03,2368,46,2023-08-03 00:45:00,60,60,60,28,24,6,A,180.0,1.0,1.0,15.0,19.0,14.0,,2023-06-16 00:45:00
2023-08-03,2368,51,2023-08-03 00:50:00,60,60,60,22,24,6,A,180.0,1.0,1.0,15.0,19.0,14.0,,2023-06-16 00:50:00
2023-08-03,2368,56,2023-08-03 00:55:00,60,60,60,28,21,6,A,180.0,1.0,1.0,15.0,19.0,14.0,,2023-06-16 00:55:00
2023-08-03,2368,61,2023-08-03 01:00:00,60,60,60,15,20,6,A,182.0,1.0,1.0,13.0,19.0,14.0,,2023-06-16 01:00:00
2023-08-03,2368,66,2023-08-03 01:05:00,60,60,60,12,20,6,A,182.0,1.0,1.0,13.0,19.0,14.0,,2023-06-16 01:05:00
2023-08-03,2368,71,2023-08-03 01:10:00,60,60,60,14,25,6,A,182.0,1.0,1.0,13.0,19.0,14.0,,2023-06-16 01:10:00
2023-08-03,2368,76,2023-08-03 01:15:00,60,60,60,9,25,6,A,182.0,1.0,1.0,13.0,19.0,14.0,,2023-06-16 01:15:00
2023-08-03,2368,81,2023-08-03 01:20:00,60,60,60,27,25,6,A,182.0,1.0,1.0,13.0,19.0,14.0,,2023-06-16 01:20:00
2023-08-03,2368,86,2023-08-03 01:25:00,60,60,60,21,20,6,A,182.0,1.0,1.0,13.0,19.0,14.0,,2023-06-16 01:25:00
2023-08-03,2368,91,2023-08-03 01:30:00,60,60,60,12,22,6,A,182.0,1.0,1.0,13.0,19.0,14.0,,2023-06-16 01:30:00
2023-08-03,2368,96,2023-08-03 01:35:00,60,60,60,19,24,6,A,182.0,1.0,1.0,13.0,19.0,14.0,,2023-06-16 01:35:00
2023-08-03,2368,101,2023-08-03 01:40:00,60,60,60,26,24,6,A,182.0,1.0,1.0,13.0,19.0,14.0,,2023-06-16 01:40:00
2023-08-03,2368,106,2023-08-03 01:45:00,60,60,60,18,24,6,A,184.0,1.0,1.0,13.0,17.0,14.0,,2023-06-16 01:45:00
2023-08-03,2368,111,2023-08-03 01:50:00,60,60,60,10,20,6,A,184.0,1.0,1.0,13.0,17.0,14.0,,2023-06-16 01:50:00
2023-08-03,2368,116,2023-08-03 01:55:00,60,60,60,0,0,6,A,168.0,1.0,1.0,19.0,26.0,15.0,,2023-06-16 01:55:00
2023-08-03,2368,121,2023-08-03 02:00:00,60,60,60,0,0,6,A,176.0,1.0,1.0,19.0,18.0,15.0,,2023-06-16 02:00:00
2023-08-03,2368,126,2023-08-03 02:05:00,60,60,60,15,20,6,A,182.0,1.0,1.0,13.0,18.0,15.0,,2023-06-16 02:05:00
2023-08-03,2368,131,2023-08-03 02:10:00,60,60,60,14,22,6,A,182.0,1.0,1.0,13.0,18.0,15.0,,2023-06-16 02:10:00
2023-08-03,2368,136,2023-08-03 02:15:00,60,60,60,8,22,6,A,182.0,1.0,1.0,13.0,18.0,15.0,,2023-06-16 02:15:00
2023-08-03,2368,141,2023-08-03 02:20:00,60,60,60,149,23,6,A,182.0,1.0,1.0,13.0,18.0,15.0,,2023-06-16 02:20:00
2023-08-03,2368,146,2023-08-03 02:25:00,60,60,60,12,22,6,A,176.0,1.0,1.0,17.0,20.0,15.0,,2023-06-16 02:25:00
2023-08-03,2368,151,2023-08-03 02:30:00,60,60,60,13,24,6,A,178.0,1.0,1.0,15.0,20.0,15.0,,2023-06-16 02:30:00
2023-08-03,2368,156,2023-08-03 02:35:00,60,60,60,13,20,6,A,178.0,1.0,1.0,15.0,20.0,15.0,,2023-06-16 02:35:00
2023-08-03,2368,161,2023-08-03 02:40:00,60,60,60,10,25,6,A,176.0,1.0,1.0,17.0,20.0,15.0,,2023-06-16 02:40:00
2023-08-03,2368,166,2023-08-03 02:45:00,60,60,60,8,22,6,A,178.0,1.0,1.0,15.0,20.0,15.0,,2023-06-16 02:45:00
2023-08-03,2368,171,2023-08-03 02:50:00,60,60,60,15,25,6,A,178.0,1.0,1.0,15.0,20.0,15.0,,2023-06-16 02:50:00
2023-08-03,2368,176,2023-08-03 02:55:00,60,60,60,11,24,6,A,178.0,1.0,1.0,15.0,20.0,15.0,,2023-06-16 02:55:00
2023-08-03,2368,181,2023-08-03 03:00:00,60,60,60,17,20,6,A,180.0,1.0,1.0,13.0,20.0,15.0,,2023-06-16 03:00:00
2023-08-03,2368,186,2023-08-03 03:05:00,60,60,60,13,25,6,A,180.0,1.0,1.0,13.0,20.0,15.0,,2023-06-16 03:05:00
2023-08-03,2368,191,2023-08-03 03:10:00,60,60,60,10,24,6,A,180.0,1.0,1.0,13.0,20.0,15.0,,2023-06-16 03:10:00
2023-08-03,2368,196,2023-08-03 03:15:00,60,60,60,8,20,6,A,180.0,1.0,1.0,13.0,20.0,15.0,,2023-06-16 03:15:00
2023-08-03,2368,201,2023-08-03 03:20:00,60,60,60,11,20,6,A,180.0,1.0,1.0,13.0,20.0,15.0,,2023-06-16 03:20:00
2023-08-03,2368,206,2023-08-03 03:25:00,60,60,60,10,25,6,A,180.0,1.0,1.0,13.0,20.0,15.0,,2023-06-16 03:25:00
2023-08-03,2368,211,2023-08-03 03:30:00,60,60,60,10,25,6,A,180.0,1.0,1.0,13.0,20.0,15.0,,2023-06-16 03:30:00
2023-08-03,2368,216,2023-08-03 03:35:00,60,60,60,18,20,6,A,180.0,1.0,1.0,13.0,20.0,15.0,,2023-06-16 03:35:00
2023-08-03,2368,221,2023-08-03 03:40:00,60,60,60,6,22,6,A,180.0,1.0,1.0,13.0,20.0,15.0,,2023-06-16 03:40:00
2023-08-03,2368,226,2023-08-03 03:45:00,60,60,60,18,25,6,A,180.0,1.0,1.0,13.0,20.0,15.0,,2023-06-16 03:45:00
2023-08-03,2368,231,2023-08-03 03:50:00,60,60,60,26,25,6,A,180.0,1.0,1.0,13.0,20.0,15.0,,2023-06-16 03:50:00
2023-08-03,2368,236,2023-08-03 03:55:00,60,60,60,18,25,6,A,180.0,1.0,1.0,13.0,20.0,15.0,,2023-06-16 03:55:00
2023-08-03,2368,241,2023-08-03 04:00:00,60,60,60,10,25,6,A,180.0,1.0,1.0,13.0,20.0,15.0,,2023-06-16 04:00:00
2023-08-03,2368,246,2023-08-03 04:05:00,60,60,60,15,24,6,A,180.0,1.0,1.0,13.0,20.0,15.0,,2023-06-16 04:05:00
2023-08-03,2368,251,2023-08-03 04:10:00,60,60,60,13,24,6,A,180.0,1.0,1.0,13.0,20.0,15.0,,2023-06-16 04:10:00
2023-08-03,2368,256,2023-08-03 04:15:00,60,60,60,12,25,6,A,180.0,1.0,1.0,13.0,20.0,15.0,,2023-06-16 04:15:00
2023-08-03,2368,261,2023-08-03 04:20:00,60,60,60,18,25,6,A,180.0,1.0,1.0,13.0,20.0,15.0,,2023-06-16 04:20:00
2023-08-03,2368,266,2023-08-03 04:25:00,60,60,60,39,25,6,A,180.0,1.0,1.0,13.0,20.0,15.0,,2023-06-16 04:25:00
2023-08-03,2368,271,2023-08-03 04:30:00,60,60,60,15,25,6,A,180.0,1.0,1.0,13.0,20.0,15.0,,2023-06-16 04:30:00
2023-08-03,2368,276,2023-08-03 04:35:00,60,60,60,40,25,6,A,180.0,1.0,1.0,13.0,20.0,15.0,,2023-06-16 04:35:00
2023-08-03,2368,281,2023-08-03 04:40:00,60,60,60,24,25,6,A,180.0,1.0,1.0,13.0,20.0,15.0,,2023-06-16 04:40:00
2023-08-03,2368,286,2023-08-03 04:45:00,60,60,60,21,20,6,A,180.0,1.0,1.0,13.0,20.0,15.0,,2023-06-16 04:45:00
2023-08-03,2368,291,2023-08-03 04:50:00,60,60,60,18,25,6,A,180.0,1.0,1.0,13.0,20.0,15.0,,2023-06-16 04:50:00
2023-08-03,2368,296,2023-08-03 04:55:00,60,60,60,8,20,6,A,180.0,1.0,1.0,13.0,20.0,15.0,,2023-06-16 04:55:00
2023-08-03,2368,301,2023-08-03 05:00:00,60,60,60,30,25,6,A,180.0,1.0,1.0,13.0,20.0,15.0,,2023-06-16 05:00:00
2023-08-03,2368,306,2023-08-03 05:05:00,60,60,60,16,20,6,A,180.0,1.0,1.0,13.0,20.0,15.0,,2023-06-16 05:05:00
2023-08-03,2368,311,2023-08-03 05:10:00,60,60,60,28,25,6,A,178.0,1.0,1.0,15.0,20.0,15.0,,2023-06-16 05:10:00
2023-08-03,2368,316,2023-08-03 05:15:00,60,60,60,37,25,6,A,178.0,1.0,1.0,15.0,20.0,15.0,,2023-06-16 05:15:00
2023-08-03,2368,321,2023-08-03 05:20:00,60,60,60,27,25,6,A,178.0,1.0,1.0,15.0,20.0,15.0,,2023-06-16 05:20:00
2023-08-03,2368,326,2023-08-03 05:25:00,60,60,60,38,22,6,A,176.0,1.0,1.0,17.0,20.0,15.0,,2023-06-16 05:25:00
2023-08-03,2368,331,2023-08-03 05:30:00,60,60,60,40,20,6,A,176.0,1.0,1.0,17.0,20.0,15.0,,2023-06-16 05:30:00
2023-08-03,2368,336,2023-08-03 05:35:00,60,60,60,66,25,6,A,176.0,1.0,1.0,17.0,20.0,15.0,,2023-06-16 05:35:00
2023-08-03,2368,341,2023-08-03 05:40:00,60,60,63,79,22,6,A,174.0,1.0,1.0,19.0,20.0,15.0,,2023-06-16 05:40:00
2023-08-03,2368,345,2023-08-03 05:45:00,60,60,64,24,21,6,A,180.0,1.0,1.0,15.0,16.0,17.0,,2023-06-16 05:45:00
2023-08-03,2368,350,2023-08-03 05:50:00,60,60,60,62,24,6,A,172.0,1.0,1.0,21.0,20.0,15.0,,2023-06-16 05:50:00
2023-08-03,2368,355,2023-08-03 05:55:00,60,60,68,126,25,6,A,168.0,1.0,1.0,23.0,22.0,15.0,,2023-06-16 05:55:00
2023-08-03,2368,359,2023-08-03 06:00:00,80,80,80,90,22,6,A,170.0,1.0,1.0,17.0,26.0,15.0,,2023-06-16 06:00:00
2023-08-03,2368,363,2023-08-03 06:05:00,101,101,101,141,25,6,A,170.0,1.0,1.0,17.0,26.0,15.0,,2023-06-16 06:05:00
2023-08-03,2368,366,2023-08-03 06:10:00,112,112,112,91,25,6,A,172.0,1.0,1.0,13.0,28.0,15.0,,2023-06-16 06:10:00
2023-08-03,2368,368,2023-08-03 06:15:00,112,112,96,123,330,6,A,176.0,1.0,1.0,15.0,22.0,15.0,,2023-06-16 06:15:00
2023-08-03,2368,371,2023-08-03 06:20:00,90,90,89,52,25,6,A,184.0,1.0,1.0,17.0,12.0,15.0,,2023-06-16 06:20:00
2023-08-03,2368,374,2023-08-03 06:25:00,102,102,102,93,25,6,A,182.0,1.0,1.0,15.0,16.0,15.0,,2023-06-16 06:25:00
2023-08-03,2368,377,2023-08-03 06:30:00,104,104,104,96,25,6,A,182.0,1.0,1.0,13.0,14.0,19.0,,2023-06-16 06:30:00
2023-08-03,2368,380,2023-08-03 06:35:00,100,100,101,118,25,6,A,174.0,1.0,1.0,13.0,22.0,19.0,,2023-06-16 06:35:00
2023-08-03,2368,383,2023-08-03 06:40:00,109,109,104,55,22,6,A,172.0,1.0,1.0,15.0,22.0,19.0,,2023-06-16 06:40:00
2023-08-03,2368,386,2023-08-03 06:45:00,97,97,97,112,25,6,A,168.0,1.0,1.0,17.0,24.0,19.0,,2023-06-16 06:45:00
2023-08-03,2368,389,2023-08-03 06:50:00,90,90,97,89,22,6,A,170.0,1.0,1.0,15.0,24.0,19.0,,2023-06-16 06:50:00
2023-08-03,2368,393,2023-08-03 06:55:00,90,90,99,87,25,6,A,166.0,1.0,1.0,15.0,28.0,19.0,,2023-06-16 06:55:00
2023-08-03,2368,396,2023-08-03 07:00:00,110,110,110,108,330,6,A,168.0,1.0,1.0,17.0,24.0,19.0,,2023-06-16 07:00:00
2023-08-03,2368,398,2023-08-03 07:05:00,118,145,118,112,25,6,A,168.0,1.0,1.0,15.0,26.0,19.0,,2023-06-16 07:05:00
2023-08-03,2368,400,2023-08-03 07:10:00,120,124,120,109,22,6,A,170.0,1.0,1.0,11.0,28.0,19.0,,2023-06-16 07:10:00
2023-08-03,2368,403,2023-08-03 07:15:00,120,120,121,117,25,6,A,168.0,1.0,1.0,17.0,24.0,19.0,,2023-06-16 07:15:00
2023-08-03,2368,405,2023-08-03 07:20:00,119,117,119,116,25,6,A,164.0,1.0,1.0,13.0,32.0,19.0,,2023-06-16 07:20:00
2023-08-03,2368,408,2023-08-03 07:25:00,120,122,120,104,330,6,A,166.0,1.0,1.0,15.0,28.0,19.0,,2023-06-16 07:25:00
2023-08-03,2368,410,2023-08-03 07:30:00,120,120,121,108,25,6,A,162.0,1.0,1.0,19.0,28.0,19.0,,2023-06-16 07:30:00
2023-08-03,2368,413,2023-08-03 07:35:00,119,119,119,100,25,6,A,160.0,1.0,1.0,17.0,32.0,19.0,,2023-06-16 07:35:00
2023-08-03,2368,416,2023-08-03 07:40:00,116,116,116,113,25,6,A,166.0,1.0,1.0,11.0,30.0,21.0,,2023-06-16 07:40:00
2023-08-03,2368,418,2023-08-03 07:45:00,120,120,122,123,24,6,A,164.0,1.0,1.0,19.0,26.0,19.0,,2023-06-16 07:45:00
2023-08-03,2368,421,2023-08-03 07:50:00,120,124,120,111,22,6,A,164.0,1.0,1.0,19.0,24.0,21.0,,2023-06-16 07:50:00
2023-08-03,2368,423,2023-08-03 07:55:00,114,117,114,90,22,6,A,170.0,1.0,1.0,21.0,18.0,19.0,,2023-06-16 07:55:00
2023-08-03,2368,426,2023-08-03 08:00:00,120,118,123,120,25,6,A,168.0,1.0,1.0,15.0,26.0,19.0,,2023-06-16 08:00:00
2023-08-03,2368,428,2023-08-03 08:05:00,118,118,118,91,25,6,A,172.0,1.0,1.0,13.0,24.0,19.0,,2023-06-16 08:05:00
2023-08-03,2368,431,2023-08-03 08:10:00,120,121,124,123,24,6,A,174.0,1.0,1.0,21.0,14.0,19.0,,2023-06-16 08:10:00
2023-08-03,2368,433,2023-08-03 08:15:00,120,121,122,116,25,6,A,174.0,1.0,1.0,21.0,14.0,19.0,,2023-06-16 08:15:00
2023-08-03,2368,436,2023-08-03 08:20:00,120,125,125,122,25,6,A,166.0,1.0,1.0,21.0,22.0,19.0,,2023-06-16 08:20:00
2023-08-03,2368,438,2023-08-03 08:25:00,120,124,120,106,25,6,A,166.0,1.0,1.0,21.0,22.0,19.0,,2023-06-16 08:25:00
2023-08-03,2368,441,2023-08-03 08:30:00,90,79,114,97,22,6,A,170.0,1.0,1.0,17.0,22.0,19.0,,2023-06-16 08:30:00
2023-08-03,2368,444,2023-08-03 08:35:00,90,90,102,130,24,6,A,164.0,1.0,1.0,25.0,20.0,19.0,,2023-06-16 08:35:00
2023-08-03,2368,447,2023-08-03 08:40:00,90,90,102,129,25,6,A,158.0,1.0,1.0,25.0,26.0,19.0,,2023-06-16 08:40:00
2023-08-03,2368,451,2023-08-03 08:45:00,90,92,103,124,22,6,A,160.0,1.0,1.0,23.0,26.0,19.0,,2023-06-16 08:45:00
2023-08-03,2368,454,2023-08-03 08:50:00,90,90,101,97,22,6,A,160.0,1.0,1.0,29.0,20.0,19.0,,2023-06-16 08:50:00
2023-08-03,2368,457,2023-08-03 08:55:00,90,90,102,115,25,6,A,164.0,1.0,1.0,19.0,24.0,21.0,,2023-06-16 08:55:00
2023-08-03,2368,461,2023-08-03 09:00:00,103,112,103,127,24,6,A,166.0,1.0,1.0,21.0,22.0,19.0,,2023-06-16 09:00:00
2023-08-03,2368,464,2023-08-03 09:05:00,116,114,116,110,25,6,A,162.0,1.0,1.0,23.0,24.0,19.0,,2023-06-16 09:05:00
2023-08-03,2368,466,2023-08-03 09:10:00,119,121,119,107,25,6,A,164.0,1.0,1.0,17.0,28.0,19.0,,2023-06-16 09:10:00
2023-08-03,2368,469,2023-08-03 09:15:00,118,117,116,97,25,6,A,156.0,1.0,1.0,23.0,30.0,19.0,,2023-06-16 09:15:00
2023-08-03,2368,472,2023-08-03 09:20:00,117,117,117,88,22,6,A,162.0,1.0,1.0,23.0,24.0,19.0,,2023-06-16 09:20:00
2023-08-03,2368,474,2023-08-03 09:25:00,112,112,112,96,25,6,A,158.0,1.0,1.0,25.0,26.0,19.0,,2023-06-16 09:25:00
2023-08-03,2368,477,2023-08-03 09:30:00,114,114,115,110,22,6,A,162.0,1.0,1.0,25.0,23.0,18.0,,2023-06-16 09:30:00
2023-08-03,2368,480,2023-08-03 09:35:00,94,94,94,77,25,6,A,162.0,1.0,1.0,25.0,23.0,18.0,,2023-06-16 09:35:00
2023-08-03,2368,483,2023-08-03 09:40:00,100,100,102,119,24,6,A,162.0,1.0,1.0,25.0,23.0,18.0,,2023-06-16 09:40:00
2023-08-03,2368,486,2023-08-03 09:45:00,106,106,101,89,24,6,A,162.0,1.0,1.0,25.0,23.0,18.0,,2023-06-16 09:45:00
2023-08-03,2368,489,2023-08-03 09:50:00,103,103,99,75,22,6,A,162.0,1.0,1.0,25.0,23.0,18.0,,2023-06-16 09:50:00
2023-08-03,2368,492,2023-08-03 09:55:00,104,104,101,42,25,6,A,162.0,1.0,1.0,25.0,23.0,18.0,,2023-06-16 09:55:00
2023-08-03,2368,494,2023-08-03 10:00:00,104,104,106,116,21,6,A,162.0,1.0,1.0,25.0,23.0,18.0,,2023-06-16 10:00:00
2023-08-03,2368,497,2023-08-03 10:05:00,112,112,106,56,22,6,A,162.0,1.0,1.0,25.0,23.0,18.0,,2023-06-16 10:05:00
2023-08-03,2368,500,2023-08-03 10:10:00,103,103,103,85,25,6,A,162.0,1.0,1.0,25.0,23.0,18.0,,2023-06-16 10:10:00
2023-08-03,2368,503,2023-08-03 10:15:00,109,109,110,118,25,6,A,162.0,1.0,1.0,25.0,23.0,18.0,,2023-06-16 10:15:00
2023-08-03,2368,506,2023-08-03 10:20:00,111,111,108,83,20,6,A,162.0,1.0,1.0,25.0,23.0,18.0,,2023-06-16 10:20:00
2023-08-03,2368,508,2023-08-03 10:25:00,99,99,99,66,22,6,A,162.0,1.0,1.0,25.0,23.0,18.0,,2023-06-16 10:25:00
2023-08-03,2368,512,2023-08-03 10:30:00,80,80,81,111,24,6,A,162.0,1.0,1.0,25.0,23.0,18.0,,2023-06-16 10:30:00
2023-08-03,2368,515,2023-08-03 10:35:00,96,96,96,96,22,6,A,162.0,1.0,1.0,25.0,23.0,18.0,,2023-06-16 10:35:00
2023-08-03,2368,518,2023-08-03 10:40:00,104,104,103,82,22,6,A,162.0,1.0,1.0,25.0,23.0,18.0,,2023-06-16 10:40:00
2023-08-03,2368,521,2023-08-03 10:45:00,104,104,103,73,20,6,A,162.0,1.0,1.0,25.0,23.0,18.0,,2023-06-16 10:45:00
2023-08-03,2368,524,2023-08-03 10:50:00,90,90,90,76,25,6,A,162.0,1.0,1.0,25.0,23.0,18.0,,2023-06-16 10:50:00
2023-08-03,2368,527,2023-08-03 10:55:00,92,92,92,80,22,6,A,162.0,1.0,1.0,25.0,23.0,18.0,,2023-06-16 10:55:00
2023-08-03,2368,531,2023-08-03 11:00:00,103,103,102,82,22,6,A,162.0,1.0,1.0,25.0,23.0,18.0,,2023-06-16 11:00:00
2023-08-03,2368,533,2023-08-03 11:05:00,90,90,90,73,22,6,A,162.0,1.0,1.0,25.0,23.0,18.0,,2023-06-16 11:05:00
2023-08-03,2368,537,2023-08-03 11:10:00,105,105,105,91,25,6,A,162.0,1.0,1.0,25.0,23.0,18.0,,2023-06-16 11:10:00
2023-08-03,2368,540,2023-08-03 11:15:00,99,99,99,90,20,6,A,162.0,1.0,1.0,25.0,23.0,18.0,,2023-06-16 11:15:00
2023-08-03,2368,543,2023-08-03 11:20:00,99,99,102,100,20,6,A,162.0,1.0,1.0,25.0,23.0,18.0,,2023-06-16 11:20:00
2023-08-03,2368,546,2023-08-03 11:25:00,106,106,106,114,24,6,A,162.0,1.0,1.0,25.0,23.0,18.0,,2023-06-16 11:25:00
2023-08-03,2368,549,2023-08-03 11:30:00,93,93,92,62,22,6,A,162.0,1.0,1.0,25.0,23.0,18.0,,2023-06-16 11:30:00
2023-08-03,2368,552,2023-08-03 11:35:00,104,104,104,91,20,6,A,162.0,1.0,1.0,25.0,23.0,18.0,,2023-06-16 11:35:00
2023-08-03,2368,555,2023-08-03 11:40:00,104,104,106,114,25,6,A,162.0,1.0,1.0,25.0,23.0,18.0,,2023-06-16 11:40:00
2023-08-03,2368,557,2023-08-03 11:45:00,108,108,107,83,20,6,A,162.0,1.0,1.0,25.0,23.0,18.0,,2023-06-16 11:45:00
2023-08-03,2368,560,2023-08-03 11:50:00,102,102,102,85,25,6,A,162.0,1.0,1.0,25.0,23.0,18.0,,2023-06-16 11:50:00
2023-08-03,2368,563,2023-08-03 11:55:00,106,106,108,118,24,6,A,162.0,1.0,1.0,25.0,23.0,18.0,,2023-06-16 11:55:00
2023-08-03,2368,566,2023-08-03 12:00:00,110,110,110,113,24,6,A,162.0,1.0,1.0,25.0,23.0,18.0,,2023-06-16 12:00:00
2023-08-03,2368,569,2023-08-03 12:05:00,108,108,106,88,22,6,A,162.0,1.0,1.0,25.0,23.0,18.0,,2023-06-16 12:05:00
2023-08-03,2368,572,2023-08-03 12:10:00,107,107,107,95,20,6,A,162.0,1.0,1.0,25.0,23.0,18.0,,2023-06-16 12:10:00
2023-08-03,2368,574,2023-08-03 12:15:00,110,110,110,88,22,6,A,162.0,1.0,1.0,25.0,23.0,18.0,,2023-06-16 12:15:00
2023-08-03,2368,577,2023-08-03 12:20:00,103,103,104,116,24,6,A,162.0,1.0,1.0,25.0,23.0,18.0,,2023-06-16 12:20:00
2023-08-03,2368,580,2023-08-03 12:25:00,106,106,107,114,24,6,A,162.0,1.0,1.0,25.0,23.0,18.0,,2023-06-16 12:25:00
2023-08-03,2368,583,2023-08-03 12:30:00,110,110,106,75,22,6,A,172.0,1.0,1.0,23.0,19.0,14.0,,2023-06-16 12:30:00
2023-08-03,2368,586,2023-08-03 12:35:00,96,96,96,85,25,6,A,164.0,1.0,1.0,27.0,23.0,14.0,,2023-06-16 12:35:00
2023-08-03,2368,589,2023-08-03 12:40:00,98,98,100,93,20,6,D,32.0,1.0,1.0,161.0,21.0,14.0,,2023-06-16 12:40:00
2023-08-03,2368,592,2023-08-03 12:45:00,100,100,103,98,22,6,A,160.0,1.0,1.0,31.0,23.0,14.0,,2023-06-16 12:45:00
2023-08-03,2368,595,2023-08-03 12:50:00,107,107,108,118,24,6,D,30.0,1.0,1.0,163.0,21.0,14.0,,2023-06-16 12:50:00
2023-08-03,2368,597,2023-08-03 12:55:00,113,113,113,90,22,6,D,36.0,1.0,1.0,159.0,19.0,14.0,,2023-06-16 12:55:00
2023-08-03,2368,600,2023-08-03 13:00:00,116,116,117,110,21,6,D,30.0,1.0,1.0,157.0,19.0,22.0,,2023-06-16 13:00:00
2023-08-03,2368,603,2023-08-03 13:05:00,98,98,98,75,22,6,D,32.0,1.0,1.0,163.0,19.0,14.0,,2023-06-16 13:05:00
2023-08-03,2368,606,2023-08-03 13:10:00,107,107,107,98,20,6,A,164.0,1.0,1.0,27.0,21.0,16.0,,2023-06-16 13:10:00
2023-08-03,2368,609,2023-08-03 13:15:00,107,107,109,116,24,6,D,30.0,1.0,1.0,163.0,21.0,14.0,,2023-06-16 13:15:00
2023-08-03,2368,611,2023-08-03 13:20:00,105,105,102,84,20,6,D,32.0,1.0,1.0,161.0,21.0,14.0,,2023-06-16 13:20:00
2023-08-03,2368,614,2023-08-03 13:25:00,100,100,102,90,20,6,D,32.0,1.0,1.0,159.0,21.0,16.0,,2023-06-16 13:25:00
2023-08-03,2368,617,2023-08-03 13:30:00,99,99,102,90,22,6,A,168.0,1.0,1.0,25.0,21.0,14.0,,2023-06-16 13:30:00
2023-08-03,2368,620,2023-08-03 13:35:00,102,102,102,88,24,6,D,32.0,1.0,1.0,161.0,21.0,14.0,,2023-06-16 13:35:00
2023-08-03,2368,623,2023-08-03 13:40:00,108,108,106,83,22,6,D,30.0,1.0,1.0,163.0,21.0,14.0,,2023-06-16 13:40:00
2023-08-03,2368,626,2023-08-03 13:45:00,96,96,98,113,22,6,D,34.0,1.0,1.0,159.0,21.0,14.0,,2023-06-16 13:45:00
2023-08-03,2368,629,2023-08-03 13:50:00,107,107,107,89,20,6,D,34.0,1.0,1.0,159.0,19.0,16.0,,2023-06-16 13:50:00
2023-08-03,2368,632,2023-08-03 13:55:00,109,109,109,87,20,6,D,38.0,1.0,1.0,159.0,17.0,14.0,,2023-06-16 13:55:00
2023-08-03,2368,635,2023-08-03 14:00:00,113,113,113,93,20,6,A,166.0,1.0,1.0,29.0,19.0,14.0,,2023-06-16 14:00:00
2023-08-03,2368,637,2023-08-03 14:05:00,112,112,107,76,25,6,D,34.0,1.0,1.0,161.0,19.0,14.0,,2023-06-16 14:05:00
2023-08-03,2368,640,2023-08-03 14:10:00,104,104,102,77,24,6,D,34.0,1.0,1.0,161.0,19.0,14.0,,2023-06-16 14:10:00
2023-08-03,2368,643,2023-08-03 14:15:00,112,112,113,119,25,6,D,32.0,1.0,1.0,161.0,19.0,16.0,,2023-06-16 14:15:00
2023-08-03,2368,646,2023-08-03 14:20:00,113,113,114,118,20,6,D,34.0,1.0,1.0,161.0,19.0,14.0,,2023-06-16 14:20:00
2023-08-03,2368,648,2023-08-03 14:25:00,118,118,118,130,21,6,D,32.0,1.0,1.0,159.0,19.0,18.0,,2023-06-16 14:25:00
2023-08-03,2368,651,2023-08-03 14:30:00,118,118,118,112,24,6,D,26.0,1.0,1.0,169.0,19.0,14.0,,2023-06-16 14:30:00
2023-08-03,2368,653,2023-08-03 14:35:00,119,119,119,112,22,6,D,30.0,1.0,1.0,165.0,19.0,14.0,,2023-06-16 14:35:00
2023-08-03,2368,656,2023-08-03 14:40:00,120,120,122,115,20,6,D,36.0,1.0,1.0,161.0,17.0,14.0,,2023-06-16 14:40:00
2023-08-03,2368,659,2023-08-03 14:45:00,119,119,119,111,21,6,D,30.0,1.0,1.0,165.0,17.0,16.0,,2023-06-16 14:45:00
2023-08-03,2368,661,2023-08-03 14:50:00,120,120,121,121,25,6,D,32.0,1.0,1.0,161.0,21.0,14.0,,2023-06-16 14:50:00
2023-08-03,2368,664,2023-08-03 14:55:00,116,116,116,104,20,6,D,32.0,1.0,1.0,165.0,17.0,14.0,,2023-06-16 14:55:00
2023-08-03,2368,666,2023-08-03 15:00:00,119,119,119,109,20,6,D,32.0,1.0,1.0,161.0,17.0,18.0,,2023-06-16 15:00:00
2023-08-03,2368,669,2023-08-03 15:05:00,119,119,119,123,21,6,D,32.0,1.0,1.0,161.0,17.0,18.0,,2023-06-16 15:05:00
2023-08-03,2368,671,2023-08-03 15:10:00,118,118,118,98,22,6,D,32.0,1.0,1.0,161.0,17.0,18.0,,2023-06-16 15:10:00
2023-08-03,2368,674,2023-08-03 15:15:00,117,117,117,112,25,6,D,32.0,1.0,1.0,161.0,17.0,18.0,,2023-06-16 15:15:00
2023-08-03,2368,676,2023-08-03 15:20:00,120,120,121,112,25,6,D,32.0,1.0,1.0,161.0,17.0,18.0,,2023-06-16 15:20:00
2023-08-03,2368,679,2023-08-03 15:25:00,120,120,126,138,20,6,D,32.0,1.0,1.0,161.0,17.0,18.0,,2023-06-16 15:25:00
2023-08-03,2368,681,2023-08-03 15:30:00,120,120,123,114,25,6,D,32.0,1.0,1.0,161.0,17.0,18.0,,2023-06-16 15:30:00
2023-08-03,2368,684,2023-08-03 15:35:00,118,118,119,130,21,6,D,32.0,1.0,1.0,161.0,17.0,18.0,,2023-06-16 15:35:00
2023-08-03,2368,686,2023-08-03 15:40:00,120,120,121,111,21,6,D,32.0,1.0,1.0,161.0,17.0,18.0,,2023-06-16 15:40:00
2023-08-03,2368,689,2023-08-03 15:45:00,113,113,113,97,24,6,D,32.0,1.0,1.0,161.0,17.0,18.0,,2023-06-16 15:45:00
2023-08-03,2368,692,2023-08-03 15:50:00,113,113,113,95,24,6,D,32.0,1.0,1.0,161.0,17.0,18.0,,2023-06-16 15:50:00
2023-08-03,2368,694,2023-08-03 15:55:00,115,115,115,110,24,6,D,32.0,1.0,1.0,161.0,17.0,18.0,,2023-06-16 15:55:00
2023-08-03,2368,697,2023-08-03 16:00:00,120,120,121,117,25,6,D,32.0,1.0,1.0,161.0,17.0,18.0,,2023-06-16 16:00:00
2023-08-03,2368,699,2023-08-03 16:05:00,117,117,116,94,20,6,D,32.0,1.0,1.0,161.0,17.0,18.0,,2023-06-16 16:05:00
2023-08-03,2368,702,2023-08-03 16:10:00,116,116,117,115,24,6,D,32.0,1.0,1.0,161.0,17.0,18.0,,2023-06-16 16:10:00
2023-08-03,2368,704,2023-08-03 16:15:00,118,118,118,97,24,6,D,32.0,1.0,1.0,161.0,17.0,18.0,,2023-06-16 16:15:00
2023-08-03,2368,707,2023-08-03 16:20:00,120,120,121,115,24,6,D,32.0,1.0,1.0,161.0,17.0,18.0,,2023-06-16 16:20:00
2023-08-03,2368,709,2023-08-03 16:25:00,120,120,123,116,25,6,D,32.0,1.0,1.0,161.0,17.0,18.0,,2023-06-16 16:25:00
2023-08-03,2368,712,2023-08-03 16:30:00,119,119,119,110,24,6,D,32.0,1.0,1.0,161.0,17.0,18.0,,2023-06-16 16:30:00
2023-08-03,2368,715,2023-08-03 16:35:00,118,118,118,108,24,6,D,32.0,1.0,1.0,161.0,17.0,18.0,,2023-06-16 16:35:00
2023-08-03,2368,717,2023-08-03 16:40:00,119,119,119,105,24,6,D,32.0,1.0,1.0,161.0,17.0,18.0,,2023-06-16 16:40:00
2023-08-03,2368,720,2023-08-03 16:45:00,120,120,120,113,22,6,D,32.0,1.0,1.0,161.0,17.0,18.0,,2023-06-16 16:45:00
2023-08-03,2368,722,2023-08-03 16:50:00,118,118,118,109,24,6,D,32.0,1.0,1.0,161.0,17.0,18.0,,2023-06-16 16:50:00
2023-08-03,2368,725,2023-08-03 16:55:00,120,120,121,112,24,6,D,32.0,1.0,1.0,161.0,17.0,18.0,,2023-06-16 16:55:00
2023-08-03,2368,727,2023-08-03 17:00:00,120,120,121,111,24,6,D,32.0,1.0,1.0,161.0,17.0,18.0,,2023-06-16 17:00:00
2023-08-03,2368,730,2023-08-03 17:05:00,119,119,119,100,20,6,D,32.0,1.0,1.0,161.0,17.0,18.0,,2023-06-16 17:05:00
2023-08-03,2368,732,2023-08-03 17:10:00,118,118,118,122,21,6,D,32.0,1.0,1.0,161.0,17.0,18.0,,2023-06-16 17:10:00
2023-08-03,2368,735,2023-08-03 17:15:00,118,118,118,102,25,6,D,32.0,1.0,1.0,161.0,17.0,18.0,,2023-06-16 17:15:00
2023-08-03,2368,737,2023-08-03 17:20:00,119,119,120,110,20,6,D,32.0,1.0,1.0,161.0,17.0,18.0,,2023-06-16 17:20:00
2023-08-03,2368,740,2023-08-03 17:25:00,120,120,121,108,24,6,D,32.0,1.0,1.0,161.0,17.0,18.0,,2023-06-16 17:25:00
2023-08-03,2368,742,2023-08-03 17:30:00,119,119,120,119,24,6,D,32.0,1.0,1.0,161.0,17.0,18.0,,2023-06-16 17:30:00
2023-08-03,2368,745,2023-08-03 17:35:00,120,120,120,110,22,6,D,32.0,1.0,1.0,161.0,17.0,18.0,,2023-06-16 17:35:00
2023-08-03,2368,747,2023-08-03 17:40:00,118,118,117,99,20,6,D,32.0,1.0,1.0,161.0,17.0,18.0,,2023-06-16 17:40:00
2023-08-03,2368,750,2023-08-03 17:45:00,120,120,120,111,24,6,D,32.0,1.0,1.0,161.0,17.0,18.0,,2023-06-16 17:45:00
2023-08-03,2368,752,2023-08-03 17:50:00,120,120,121,109,20,6,D,32.0,1.0,1.0,161.0,17.0,18.0,,2023-06-16 17:50:00
2023-08-03,2368,755,2023-08-03 17:55:00,120,120,120,106,20,6,D,32.0,1.0,1.0,161.0,17.0,18.0,,2023-06-16 17:55:00
2023-08-03,2368,757,2023-08-03 18:00:00,118,118,117,90,24,6,D,32.0,1.0,1.0,161.0,17.0,18.0,,2023-06-16 18:00:00
2023-08-03,2368,760,2023-08-03 18:05:00,119,119,119,112,25,6,D,32.0,1.0,1.0,161.0,17.0,18.0,,2023-06-16 18:05:00
2023-08-03,2368,762,2023-08-03 18:10:00,120,120,120,109,24,6,D,32.0,1.0,1.0,161.0,17.0,18.0,,2023-06-16 18:10:00
2023-08-03,2368,765,2023-08-03 18:15:00,118,118,117,99,20,6,D,32.0,1.0,1.0,161.0,17.0,18.0,,2023-06-16 18:15:00
2023-08-03,2368,767,2023-08-03 18:20:00,116,116,116,111,22,6,D,32.0,1.0,1.0,161.0,17.0,18.0,,2023-06-16 18:20:00
2023-08-03,2368,770,2023-08-03 18:25:00,117,117,117,93,20,6,D,32.0,1.0,1.0,161.0,17.0,18.0,,2023-06-16 18:25:00
2023-08-03,2368,773,2023-08-03 18:30:00,115,115,113,87,20,6,A,162.0,1.0,1.0,29.0,23.0,14.0,,2023-06-16 18:30:00
2023-08-03,2368,775,2023-08-03 18:35:00,115,115,113,91,20,6,A,168.0,1.0,1.0,29.0,17.0,14.0,,2023-06-16 18:35:00
2023-08-03,2368,778,2023-08-03 18:40:00,109,109,107,97,21,6,A,166.0,1.0,1.0,25.0,21.0,16.0,,2023-06-16 18:40:00
2023-08-03,2368,781,2023-08-03 18:45:00,110,110,110,97,22,6,A,166.0,1.0,1.0,29.0,19.0,14.0,,2023-06-16 18:45:00
2023-08-03,2368,783,2023-08-03 18:50:00,117,117,117,115,21,6,A,164.0,1.0,1.0,29.0,19.0,16.0,,2023-06-16 18:50:00
2023-08-03,2368,786,2023-08-03 18:55:00,110,110,110,94,20,6,D,34.0,1.0,1.0,161.0,19.0,14.0,,2023-06-16 18:55:00
2023-08-03,2368,789,2023-08-03 19:00:00,101,101,101,84,22,6,D,28.0,1.0,1.0,167.0,19.0,14.0,,2023-06-16 19:00:00
2023-08-03,2368,792,2023-08-03 19:05:00,97,97,101,100,20,6,D,28.0,1.0,1.0,163.0,21.0,16.0,,2023-06-16 19:05:00
2023-08-03,2368,795,2023-08-03 19:10:00,110,110,110,92,25,6,A,164.0,1.0,1.0,29.0,21.0,14.0,,2023-06-16 19:10:00
2023-08-03,2368,797,2023-08-03 19:15:00,107,107,107,92,24,6,D,34.0,1.0,1.0,161.0,19.0,14.0,,2023-06-16 19:15:00
2023-08-03,2368,800,2023-08-03 19:20:00,114,114,114,95,22,6,D,28.0,1.0,1.0,163.0,21.0,16.0,,2023-06-16 19:20:00
2023-08-03,2368,803,2023-08-03 19:25:00,117,117,115,86,24,6,D,28.0,1.0,1.0,167.0,19.0,14.0,,2023-06-16 19:25:00
2023-08-03,2368,805,2023-08-03 19:30:00,100,100,100,62,20,6,D,24.0,1.0,1.0,171.0,19.0,14.0,,2023-06-16 19:30:00
2023-08-03,2368,808,2023-08-03 19:35:00,95,95,100,105,22,6,D,26.0,1.0,1.0,167.0,21.0,14.0,,2023-06-16 19:35:00
2023-08-03,2368,811,2023-08-03 19:40:00,112,112,112,97,20,6,D,34.0,1.0,1.0,161.0,19.0,14.0,,2023-06-16 19:40:00
2023-08-03,2368,814,2023-08-03 19:45:00,106,106,106,91,21,6,D,32.0,1.0,1.0,159.0,19.0,18.0,,2023-06-16 19:45:00
2023-08-03,2368,817,2023-08-03 19:50:00,94,94,94,86,20,6,D,28.0,1.0,1.0,165.0,21.0,14.0,,2023-06-16 19:50:00
2023-08-03,2368,820,2023-08-03 19:55:00,91,91,90,84,21,6,D,26.0,1.0,1.0,167.0,21.0,14.0,,2023-06-16 19:55:00
2023-08-03,2368,823,2023-08-03 20:00:00,90,90,89,82,22,6,D,24.0,1.0,1.0,167.0,21.0,16.0,,2023-06-16 20:00:00
2023-08-03,2368,827,2023-08-03 20:05:00,93,93,93,84,22,6,D,18.0,1.0,1.0,177.0,19.0,14.0,,2023-06-16 20:05:00
2023-08-03,2368,830,2023-08-03 20:10:00,96,96,96,88,21,6,D,22.0,1.0,1.0,175.0,17.0,14.0,,2023-06-16 20:10:00
2023-08-03,2368,833,2023-08-03 20:15:00,91,91,91,90,22,6,D,22.0,1.0,1.0,175.0,17.0,14.0,,2023-06-16 20:15:00
2023-08-03,2368,837,2023-08-03 20:20:00,87,87,87,84,20,6,D,18.0,1.0,1.0,179.0,17.0,14.0,,2023-06-16 20:20:00
2023-08-03,2368,840,2023-08-03 20:25:00,95,95,92,62,20,6,D,16.0,1.0,1.0,183.0,15.0,14.0,,2023-06-16 20:25:00
2023-08-03,2368,843,2023-08-03 20:30:00,94,94,98,89,22,6,D,22.0,1.0,1.0,173.0,17.0,16.0,,2023-06-16 20:30:00
2023-08-03,2368,846,2023-08-03 20:35:00,96,96,97,90,20,6,D,24.0,1.0,1.0,173.0,17.0,14.0,,2023-06-16 20:35:00
2023-08-03,2368,849,2023-08-03 20:40:00,96,96,94,85,21,6,D,22.0,1.0,1.0,177.0,15.0,14.0,,2023-06-16 20:40:00
2023-08-03,2368,853,2023-08-03 20:45:00,80,80,80,69,22,6,D,20.0,1.0,1.0,175.0,19.0,14.0,,2023-06-16 20:45:00
2023-08-03,2368,856,2023-08-03 20:50:00,91,91,93,105,21,6,D,22.0,1.0,1.0,169.0,19.0,18.0,,2023-06-16 20:50:00
2023-08-03,2368,860,2023-08-03 20:55:00,80,80,80,70,20,6,D,18.0,1.0,1.0,177.0,19.0,14.0,,2023-06-16 20:55:00
2023-08-03,2368,864,2023-08-03 21:00:00,97,97,97,97,20,6,D,28.0,1.0,1.0,167.0,19.0,14.0,,2023-06-16 21:00:00
2023-08-03,2368,867,2023-08-03 21:05:00,89,89,89,149,23,6,D,24.0,1.0,1.0,171.0,19.0,14.0,,2023-06-16 21:05:00
2023-08-03,2368,870,2023-08-03 21:10:00,100,100,95,64,20,6,D,26.0,1.0,1.0,171.0,17.0,14.0,,2023-06-16 21:10:00
2023-08-03,2368,873,2023-08-03 21:15:00,89,89,89,58,20,6,D,22.0,1.0,1.0,175.0,17.0,14.0,,2023-06-16 21:15:00
2023-08-03,2368,877,2023-08-03 21:20:00,80,80,80,55,22,6,D,16.0,1.0,1.0,179.0,19.0,14.0,,2023-06-16 21:20:00
2023-08-03,2368,880,2023-08-03 21:25:00,80,80,86,88,21,6,D,16.0,1.0,1.0,181.0,17.0,14.0,,2023-06-16 21:25:00
2023-08-03,2368,884,2023-08-03 21:30:00,87,87,82,41,20,6,D,14.0,1.0,1.0,185.0,15.0,14.0,,2023-06-16 21:30:00
2023-08-03,2368,887,2023-08-03 21:35:00,80,80,80,66,20,6,D,16.0,1.0,1.0,181.0,17.0,14.0,,2023-06-16 21:35:00
2023-08-03,2368,891,2023-08-03 21:40:00,80,80,80,68,20,6,D,16.0,1.0,1.0,181.0,17.0,14.0,,2023-06-16 21:40:00
2023-08-03,2368,895,2023-08-03 21:45:00,80,80,80,38,20,6,D,20.0,1.0,1.0,179.0,15.0,14.0,,2023-06-16 21:45:00
2023-08-03,2368,899,2023-08-03 21:50:00,80,80,80,65,20,6,D,22.0,1.0,1.0,177.0,15.0,14.0,,2023-06-16 21:50:00
2023-08-03,2368,902,2023-08-03 21:55:00,60,60,64,33,22,6,D,22.0,1.0,1.0,177.0,15.0,14.0,,2023-06-16 21:55:00
2023-08-03,2368,907,2023-08-03 22:00:00,60,60,74,121,22,6,D,34.0,1.0,1.0,159.0,21.0,14.0,,2023-06-16 22:00:00
2023-08-03,2368,912,2023-08-03 22:05:00,60,60,60,63,24,6,A,166.0,1.0,1.0,27.0,21.0,14.0,,2023-06-16 22:05:00
2023-08-03,2368,917,2023-08-03 22:10:00,60,60,60,45,20,6,A,168.0,1.0,1.0,25.0,21.0,14.0,,2023-06-16 22:10:00
2023-08-03,2368,922,2023-08-03 22:15:00,80,80,80,58,20,6,A,168.0,1.0,1.0,25.0,21.0,14.0,,2023-06-16 22:15:00
2023-08-03,2368,926,2023-08-03 22:20:00,60,60,63,46,22,6,A,180.0,1.0,1.0,19.0,15.0,14.0,,2023-06-16 22:20:00
2023-08-03,2368,931,2023-08-03 22:25:00,60,60,68,93,24,6,A,166.0,1.0,1.0,25.0,21.0,16.0,,2023-06-16 22:25:00
2023-08-03,2368,936,2023-08-03 22:30:00,60,60,60,65,22,6,D,28.0,1.0,1.0,165.0,21.0,14.0,,2023-06-16 22:30:00
2023-08-03,2368,941,2023-08-03 22:35:00,80,80,80,98,20,6,D,26.0,1.0,1.0,167.0,21.0,14.0,,2023-06-16 22:35:00
2023-08-03,2368,945,2023-08-03 22:40:00,60,60,63,38,20,6,D,22.0,1.0,1.0,177.0,15.0,14.0,,2023-06-16 22:40:00
2023-08-03,2368,950,2023-08-03 22:45:00,60,60,74,88,20,6,D,24.0,1.0,1.0,167.0,21.0,16.0,,2023-06-16 22:45:00
2023-08-03,2368,955,2023-08-03 22:50:00,60,60,67,92,20,6,D,28.0,1.0,1.0,165.0,21.0,14.0,,2023-06-16 22:50:00
2023-08-03,2368,960,2023-08-03 22:55:00,60,60,60,51,20,6,D,28.0,1.0,1.0,165.0,21.0,14.0,,2023-06-16 22:55:00
2023-08-03,2368,965,2023-08-03 23:00:00,60,60,60,27,25,6,D,22.0,1.0,1.0,173.0,19.0,14.0,,2023-06-16 23:00:00
2023-08-03,2368,970,2023-08-03 23:05:00,60,60,69,113,20,6,D,24.0,1.0,1.0,169.0,19.0,16.0,,2023-06-16 23:05:00
2023-08-03,2368,975,2023-08-03 23:10:00,60,60,60,57,20,6,D,22.0,1.0,1.0,173.0,19.0,14.0,,2023-06-16 23:10:00
2023-08-03,2368,980,2023-08-03 23:15:00,60,60,60,69,20,6,D,22.0,1.0,1.0,173.0,19.0,14.0,,2023-06-16 23:15:00
2023-08-03,2368,985,2023-08-03 23:20:00,60,60,60,65,20,6,D,22.0,1.0,1.0,173.0,19.0,14.0,,2023-06-16 23:20:00
2023-08-03,2368,990,2023-08-03 23:25:00,60,60,60,31,20,6,D,22.0,1.0,1.0,173.0,19.0,14.0,,2023-06-16 23:25:00
2023-08-03,2368,995,2023-08-03 23:30:00,60,60,60,62,20,6,D,22.0,1.0,1.0,173.0,19.0,14.0,,2023-06-16 23:30:00
2023-08-03,2368,1000,2023-08-03 23:35:00,60,60,60,71,20,6,D,22.0,1.0,1.0,173.0,19.0,14.0,,2023-06-16 23:35:00
2023-08-03,2368,1005,2023-08-03 23:40:00,60,60,60,43,22,6,D,22.0,1.0,1.0,173.0,19.0,14.0,,2023-06-16 23:40:00
2023-08-03,2368,1010,2023-08-03 23:45:00,60,60,60,54,22,6,D,22.0,1.0,1.0,173.0,19.0,14.0,,2023-06-16 23:45:00
2023-08-03,2368,1015,2023-08-03 23:50:00,60,60,60,40,20,6,D,22.0,1.0,1.0,173.0,19.0,14.0,,2023-06-16 23:50:00
2023-08-03,2368,1020,2023-08-03 23:55:00,60,60,60,30,20,6,D,22.0,1.0,1.0,173.0,19.0,14.0,,2023-06-16 23:55:00
