Date,Site ID,Error,Combined_DateTime,3055-1,3055-10,3055-11,3055-12,3055-13,3055-14,3055-15,3055-16,3055-17,3055-18,3055-19,3055-2,3055-20,3055-3,3055-4,3055-5,3055-6,3055-7,3055-8,3055-9
8/03/2023,3055,False,2023-08-03 00:00:00,0,0,0,0,0,0,0,0,0,0,0,5,0,0,0,0,0,2,0,0
8/03/2023,3055,False,2023-08-03 00:05:00,2,1,0,1,0,0,0,0,0,0,0,5,1,1,0,1,0,3,0,0
8/03/2023,3055,False,2023-08-03 00:10:00,0,0,0,0,0,0,0,0,0,0,0,7,0,0,0,0,1,1,0,0
8/03/2023,3055,False,2023-08-03 00:15:00,0,0,0,0,0,0,0,0,0,0,0,5,0,0,0,1,1,2,0,0
8/03/2023,3055,False,2023-08-03 00:20:00,1,0,0,0,0,0,0,0,0,0,0,6,0,0,0,0,0,0,0,0
8/03/2023,3055,False,2023-08-03 00:25:00,1,1,0,1,0,0,0,0,0,0,1,1,0,1,0,0,0,4,1,0
8/03/2023,3055,False,2023-08-03 00:30:00,0,1,0,1,0,0,0,0,0,0,1,8,0,0,0,0,0,2,0,0
8/03/2023,3055,False,2023-08-03 00:35:00,0,0,0,0,0,0,0,0,0,0,0,6,0,0,1,0,0,6,0,0
8/03/2023,3055,False,2023-08-03 00:40:00,0,0,0,0,0,0,0,0,0,0,0,3,0,1,0,1,1,1,0,0
8/03/2023,3055,False,2023-08-03 00:45:00,0,0,0,0,0,0,0,0,0,0,0,3,0,0,0,0,0,2,0,0
8/03/2023,3055,False,2023-08-03 00:50:00,0,0,0,0,0,0,0,0,0,0,0,4,0,0,0,0,1,3,0,0
8/03/2023,3055,False,2023-08-03 00:55:00,1,0,0,0,0,0,0,0,0,0,0,2,0,0,0,0,0,0,0,0
8/03/2023,3055,False,2023-08-03 01:00:00,0,0,0,0,0,0,0,0,0,0,0,1,0,0,0,0,0,4,0,0
8/03/2023,3055,False,2023-08-03 01:05:00,0,0,0,0,0,0,0,0,0,0,0,5,0,0,0,0,0,1,0,0
8/03/2023,3055,False,2023-08-03 01:10:00,0,0,0,0,0,0,0,0,0,0,0,2,0,0,0,0,0,0,0,0
8/03/2023,3055,False,2023-08-03 01:15:00,0,0,0,0,0,0,0,0,0,0,0,5,0,0,0,0,0,0,0,0
8/03/2023,3055,False,2023-08-03 01:20:00,0,0,0,0,0,0,0,0,0,0,0,1,0,0,0,0,0,0,0,0
8/03/2023,3055,False,2023-08-03 01:25:00,0,0,0,0,0,0,0,0,0,0,0,7,0,0,0,0,0,4,0,0
8/03/2023,3055,False,2023-08-03 01:30:00,0,0,0,0,0,0,0,0,0,0,0,2,0,2,0,0,0,2,0,0
8/03/2023,3055,False,2023-08-03 01:35:00,0,1,1,1,0,0,0,0,0,0,1,5,0,0,0,0,0,4,0,1
8/03/2023,3055,False,2023-08-03 01:40:00,0,0,0,0,0,0,0,0,0,0,0,5,0,1,0,0,0,4,1,0
8/03/2023,3055,False,2023-08-03 01:45:00,0,1,0,1,0,0,0,0,0,0,1,3,0,0,0,1,1,1,0,0
8/03/2023,3055,False,2023-08-03 01:50:00,0,1,0,1,0,0,0,0,0,0,1,4,0,0,0,0,1,2,0,0
8/03/2023,3055,False,2023-08-03 01:55:00,0,0,0,0,0,0,0,0,0,0,0,1,0,0,0,0,0,2,0,0
8/03/2023,3055,False,2023-08-03 02:00:00,0,0,0,0,0,0,0,0,0,0,0,1,0,1,0,0,0,2,0,0
8/03/2023,3055,False,2023-08-03 02:05:00,0,0,0,0,0,0,0,0,0,0,0,2,0,0,0,0,1,1,0,0
8/03/2023,3055,False,2023-08-03 02:10:00,0,0,0,0,0,0,0,0,0,0,0,3,1,1,1,1,0,2,0,0
8/03/2023,3055,False,2023-08-03 02:15:00,0,0,0,0,0,0,0,0,0,0,0,1,1,0,0,1,0,4,0,0
8/03/2023,3055,False,2023-08-03 02:20:00,1,0,0,0,0,0,0,0,0,0,0,3,0,0,1,0,0,1,0,0
8/03/2023,3055,False,2023-08-03 02:25:00,0,0,0,0,0,0,0,0,0,0,0,1,0,0,0,0,2,1,0,0
8/03/2023,3055,False,2023-08-03 02:30:00,0,0,0,0,0,0,0,0,0,0,0,3,0,0,1,0,0,2,0,0
8/03/2023,3055,False,2023-08-03 02:35:00,0,0,0,0,0,0,0,0,0,0,0,5,0,0,0,0,0,0,0,0
8/03/2023,3055,False,2023-08-03 02:40:00,0,0,0,0,0,0,0,0,0,0,0,2,0,0,0,0,0,3,0,0
8/03/2023,3055,False,2023-08-03 02:45:00,0,0,0,0,0,0,0,0,0,0,0,2,0,0,0,0,0,1,0,0
8/03/2023,3055,False,2023-08-03 02:50:00,0,0,0,0,0,0,0,0,0,0,0,1,0,0,0,0,0,3,0,0
8/03/2023,3055,False,2023-08-03 02:55:00,0,0,0,0,0,0,0,0,0,0,0,4,0,0,1,0,0,0,0,0
8/03/2023,3055,False,2023-08-03 03:00:00,0,0,0,0,0,0,0,0,0,0,0,1,0,0,0,0,1,5,0,0
8/03/2023,3055,False,2023-08-03 03:05:00,0,0,0,0,0,0,0,0,0,0,0,1,0,0,0,0,0,1,0,0
8/03/2023,3055,False,2023-08-03 03:10:00,0,0,0,0,0,0,0,0,0,0,0,2,0,0,0,0,0,2,0,0
8/03/2023,3055,False,2023-08-03 03:15:00,0,0,0,0,0,0,0,0,0,0,0,7,0,0,0,0,0,3,0,0
8/03/2023,3055,False,2023-08-03 03:20:00,0,0,0,0,0,0,0,0,0,0,0,4,1,1,0,1,0,2,0,0
8/03/2023,3055,False,2023-08-03 03:25:00,1,1,0,0,0,0,0,0,0,0,1,2,0,0,0,0,0,4,0,1
8/03/2023,3055,False,2023-08-03 03:30:00,0,0,1,0,0,0,0,0,0,0,0,2,0,0,0,0,1,0,0,1
8/03/2023,3055,False,2023-08-03 03:35:00,0,0,0,0,0,0,0,0,0,0,0,2,0,0,0,0,0,0,0,0
8/03/2023,3055,False,2023-08-03 03:40:00,0,0,0,0,0,0,0,0,0,0,0,1,0,0,0,0,0,1,0,0
8/03/2023,3055,False,2023-08-03 03:45:00,1,0,0,0,0,0,0,0,0,0,0,3,0,0,0,0,0,3,0,0
8/03/2023,3055,False,2023-08-03 03:50:00,1,0,0,0,0,0,0,0,0,0,0,2,0,0,0,1,0,5,0,0
8/03/2023,3055,False,2023-08-03 03:55:00,1,0,0,0,0,0,0,0,0,0,0,1,0,0,0,0,0,1,0,0
8/03/2023,3055,False,2023-08-03 04:00:00,1,0,0,0,0,0,0,0,0,0,0,1,1,0,0,1,1,2,0,0
8/03/2023,3055,False,2023-08-03 04:05:00,0,0,0,0,0,0,0,0,0,0,0,3,0,0,0,0,1,2,0,0
8/03/2023,3055,False,2023-08-03 04:10:00,0,0,0,0,0,0,0,0,0,0,0,4,0,2,0,0,1,3,0,0
8/03/2023,3055,False,2023-08-03 04:15:00,0,0,0,0,0,0,0,0,0,0,0,4,0,1,1,0,0,5,0,0
8/03/2023,3055,False,2023-08-03 04:20:00,1,0,0,0,0,0,0,0,0,0,0,5,0,0,0,0,0,3,0,0
8/03/2023,3055,False,2023-08-03 04:25:00,1,0,0,0,0,0,0,0,0,0,0,4,0,0,1,0,0,5,0,0
8/03/2023,3055,False,2023-08-03 04:30:00,1,0,0,0,0,0,0,0,0,0,0,6,0,0,0,0,0,5,0,0
8/03/2023,3055,False,2023-08-03 04:35:00,1,1,0,1,0,0,0,0,0,0,0,4,0,0,1,0,0,8,0,0
8/03/2023,3055,False,2023-08-03 04:40:00,0,0,0,0,0,0,0,0,0,0,0,11,0,0,2,0,1,6,0,0
8/03/2023,3055,False,2023-08-03 04:45:00,0,0,0,0,0,0,0,0,0,0,0,4,2,0,2,2,2,4,0,0
8/03/2023,3055,False,2023-08-03 04:50:00,1,0,0,1,0,0,0,0,0,0,0,12,0,0,1,0,1,6,1,0
8/03/2023,3055,False,2023-08-03 04:55:00,3,1,0,1,0,0,0,0,0,0,0,9,0,1,1,0,1,6,0,0
8/03/2023,3055,False,2023-08-03 05:00:00,2,0,0,0,0,0,0,0,0,0,0,7,1,0,2,1,0,7,0,0
8/03/2023,3055,False,2023-08-03 05:05:00,1,0,0,0,0,0,0,0,0,0,0,6,0,0,0,0,1,12,0,0
8/03/2023,3055,False,2023-08-03 05:10:00,2,2,1,1,0,0,0,0,0,0,2,11,0,0,0,0,0,11,1,1
8/03/2023,3055,False,2023-08-03 05:15:00,1,0,0,0,0,0,0,0,0,0,0,8,0,0,1,0,1,9,0,0
8/03/2023,3055,False,2023-08-03 05:20:00,4,0,1,0,0,0,0,0,0,0,0,18,0,0,0,0,0,18,0,1
8/03/2023,3055,False,2023-08-03 05:25:00,4,1,0,0,0,0,0,0,0,0,1,16,0,0,1,0,0,15,0,0
8/03/2023,3055,False,2023-08-03 05:30:00,1,0,0,0,0,0,0,0,0,0,0,18,0,1,2,0,1,22,0,0
8/03/2023,3055,False,2023-08-03 05:35:00,1,0,0,0,0,0,0,0,0,0,0,17,0,0,1,0,5,18,0,0
8/03/2023,3055,False,2023-08-03 05:40:00,2,0,0,0,0,0,0,0,0,1,0,18,0,1,5,1,4,20,1,0
8/03/2023,3055,False,2023-08-03 05:45:00,4,0,0,0,0,0,0,0,0,0,0,25,0,1,2,2,4,25,1,0
8/03/2023,3055,False,2023-08-03 05:50:00,1,1,3,1,0,0,0,0,0,1,0,30,0,0,5,1,7,31,0,1
8/03/2023,3055,False,2023-08-03 05:55:00,1,1,0,0,0,0,0,0,0,0,0,25,0,1,3,0,4,27,0,0
8/03/2023,3055,False,2023-08-03 06:00:00,3,0,0,1,0,0,0,0,0,0,0,27,0,0,2,0,2,36,0,0
8/03/2023,3055,False,2023-08-03 06:05:00,4,0,0,1,0,0,0,0,0,0,0,29,1,1,1,1,5,34,0,1
8/03/2023,3055,False,2023-08-03 06:10:00,2,0,0,0,0,0,0,0,0,0,0,30,1,1,1,1,2,51,0,0
8/03/2023,3055,False,2023-08-03 06:15:00,6,0,0,0,0,0,0,0,0,1,0,28,1,0,3,2,3,29,1,0
8/03/2023,3055,False,2023-08-03 06:20:00,7,0,0,0,0,0,0,0,1,1,0,34,3,2,3,3,5,38,1,0
8/03/2023,3055,False,2023-08-03 06:25:00,11,1,0,1,0,0,0,0,0,0,1,37,1,0,2,2,8,36,3,0
8/03/2023,3055,False,2023-08-03 06:30:00,9,0,0,1,0,0,0,0,1,0,0,36,0,0,4,0,7,30,2,0
8/03/2023,3055,False,2023-08-03 06:35:00,4,0,0,0,0,0,0,0,0,0,0,41,1,3,6,2,7,28,1,0
8/03/2023,3055,False,2023-08-03 06:40:00,7,0,0,0,0,0,0,0,0,0,0,34,1,1,1,1,2,43,1,0
8/03/2023,3055,False,2023-08-03 06:45:00,2,0,0,0,0,0,0,0,0,0,0,37,1,1,5,4,7,25,1,0
8/03/2023,3055,False,2023-08-03 06:50:00,14,2,0,1,0,0,0,0,0,0,2,43,0,1,2,2,10,27,3,0
8/03/2023,3055,False,2023-08-03 06:55:00,11,0,2,0,0,0,0,0,0,0,0,53,0,2,0,4,5,39,3,3
8/03/2023,3055,False,2023-08-03 07:00:00,9,1,0,1,0,0,0,0,0,0,1,43,1,3,2,5,8,30,2,0
8/03/2023,3055,False,2023-08-03 07:05:00,8,0,0,0,0,0,0,0,1,0,0,41,2,4,4,2,10,38,0,0
8/03/2023,3055,False,2023-08-03 07:10:00,14,1,2,1,0,0,0,0,0,0,1,51,3,2,5,3,9,24,7,2
8/03/2023,3055,False,2023-08-03 07:15:00,12,1,1,2,0,0,0,0,2,0,0,53,2,2,2,4,13,28,5,1
8/03/2023,3055,False,2023-08-03 07:20:00,24,3,0,4,0,0,0,0,2,0,0,65,0,2,4,1,6,35,1,1
8/03/2023,3055,False,2023-08-03 07:25:00,14,5,2,4,0,0,0,0,4,2,2,59,1,5,7,2,11,33,3,1
8/03/2023,3055,False,2023-08-03 07:30:00,9,1,1,1,0,0,0,0,0,0,0,48,3,2,4,3,9,29,3,1
8/03/2023,3055,False,2023-08-03 07:35:00,6,2,2,3,0,0,0,0,1,1,1,36,0,1,4,1,9,25,5,1
8/03/2023,3055,False,2023-08-03 07:40:00,8,0,0,0,0,0,0,0,1,2,0,37,0,17,4,2,13,33,2,0
8/03/2023,3055,False,2023-08-03 07:45:00,13,2,0,3,0,0,0,0,5,0,0,31,1,2,4,5,14,30,3,0
8/03/2023,3055,False,2023-08-03 07:50:00,15,1,1,1,0,0,0,0,1,2,0,46,2,2,5,4,15,40,1,1
8/03/2023,3055,False,2023-08-03 07:55:00,11,1,0,2,0,0,0,0,1,0,0,56,1,5,4,1,5,38,3,0
8/03/2023,3055,False,2023-08-03 08:00:00,7,0,0,0,0,0,0,0,0,0,0,36,2,4,6,6,10,43,3,0
8/03/2023,3055,False,2023-08-03 08:05:00,11,1,1,1,0,0,0,0,0,0,0,44,1,2,5,2,6,51,1,1
8/03/2023,3055,False,2023-08-03 08:10:00,18,0,0,0,0,0,0,0,1,0,0,43,2,3,5,3,15,55,3,0
8/03/2023,3055,False,2023-08-03 08:15:00,14,0,0,1,0,0,0,0,0,2,0,37,1,5,3,6,10,55,3,1
8/03/2023,3055,False,2023-08-03 08:20:00,13,3,2,4,0,0,0,0,0,2,0,39,0,6,7,2,15,44,4,1
8/03/2023,3055,False,2023-08-03 08:25:00,9,1,1,1,0,0,0,0,0,1,0,40,0,4,6,4,16,46,4,1
8/03/2023,3055,False,2023-08-03 08:30:00,13,3,2,2,0,0,0,0,0,2,1,61,1,2,2,6,16,58,2,2
8/03/2023,3055,False,2023-08-03 08:35:00,9,2,1,2,0,0,0,0,0,1,1,36,1,3,5,3,12,47,4,1
8/03/2023,3055,False,2023-08-03 08:40:00,13,3,2,2,0,0,0,0,1,0,1,45,2,4,3,3,12,57,6,2
8/03/2023,3055,False,2023-08-03 08:45:00,15,3,1,2,0,0,0,0,3,0,1,49,4,2,7,5,13,46,4,1
8/03/2023,3055,False,2023-08-03 08:50:00,14,4,1,3,0,0,0,0,1,2,1,44,1,4,5,3,17,55,3,1
8/03/2023,3055,False,2023-08-03 08:55:00,14,0,0,0,0,0,0,0,0,1,0,62,3,3,7,3,9,43,4,0
8/03/2023,3055,False,2023-08-03 09:00:00,12,4,2,4,0,0,0,0,0,0,0,36,0,4,7,1,6,42,4,2
8/03/2023,3055,False,2023-08-03 09:05:00,9,0,1,0,0,0,0,0,1,1,0,39,1,5,7,3,12,35,3,1
8/03/2023,3055,False,2023-08-03 09:10:00,14,5,3,5,0,0,0,0,0,1,1,39,2,3,6,5,14,48,2,3
8/03/2023,3055,False,2023-08-03 09:15:00,11,0,0,0,0,0,0,0,3,2,0,39,3,3,6,5,10,59,0,0
8/03/2023,3055,False,2023-08-03 09:20:00,9,2,0,2,0,0,0,0,0,1,0,36,1,6,3,4,10,34,1,1
8/03/2023,3055,False,2023-08-03 09:25:00,7,3,0,4,0,0,0,0,0,1,0,31,1,3,6,1,12,31,1,0
8/03/2023,3055,False,2023-08-03 09:30:00,10,4,0,4,0,0,0,0,1,0,0,40,0,2,1,0,8,41,3,0
8/03/2023,3055,False,2023-08-03 09:35:00,9,6,2,4,0,0,0,0,0,0,1,37,2,4,1,4,7,38,2,3
8/03/2023,3055,False,2023-08-03 09:40:00,11,2,1,3,0,0,0,0,2,0,0,44,0,0,2,0,13,44,1,0
8/03/2023,3055,False,2023-08-03 09:45:00,11,2,1,3,0,0,0,0,0,1,1,40,2,6,6,4,6,36,1,1
8/03/2023,3055,False,2023-08-03 09:50:00,10,6,2,4,0,0,0,0,0,0,2,39,1,4,3,2,10,39,1,2
8/03/2023,3055,False,2023-08-03 09:55:00,9,1,4,1,0,0,0,0,1,1,0,43,2,1,3,3,11,43,1,2
8/03/2023,3055,False,2023-08-03 10:00:00,12,3,7,4,0,0,0,0,0,0,0,44,1,2,4,1,6,39,3,2
8/03/2023,3055,False,2023-08-03 10:05:00,6,3,2,2,0,0,0,0,0,0,3,41,3,6,8,3,8,35,1,2
8/03/2023,3055,False,2023-08-03 10:10:00,11,5,0,5,0,0,0,0,0,3,1,27,5,6,6,6,5,36,1,1
8/03/2023,3055,False,2023-08-03 10:15:00,12,5,0,5,0,0,0,0,2,0,1,47,1,3,1,3,7,39,0,0
8/03/2023,3055,False,2023-08-03 10:20:00,8,4,3,4,0,0,0,0,0,0,0,46,2,2,5,2,8,35,0,3
8/03/2023,3055,False,2023-08-03 10:25:00,8,2,1,3,0,0,0,0,0,1,2,48,1,1,7,6,7,37,2,1
8/03/2023,3055,False,2023-08-03 10:30:00,8,2,0,3,0,0,0,0,0,1,0,47,2,2,2,4,4,34,1,0
8/03/2023,3055,False,2023-08-03 10:35:00,9,4,1,5,0,0,0,0,0,2,2,40,0,3,4,1,5,46,2,1
8/03/2023,3055,False,2023-08-03 10:40:00,9,1,1,0,0,0,0,0,0,0,1,35,2,6,7,3,12,27,1,1
8/03/2023,3055,False,2023-08-03 10:45:00,10,3,1,12,0,0,0,0,2,2,0,38,4,4,6,5,10,43,1,1
8/03/2023,3055,False,2023-08-03 10:50:00,19,3,1,2,0,0,0,0,0,1,0,51,1,2,4,5,6,46,2,1
8/03/2023,3055,False,2023-08-03 10:55:00,4,5,5,1,0,0,0,0,0,1,3,37,3,3,5,3,8,44,0,3
8/03/2023,3055,False,2023-08-03 11:00:00,10,2,2,0,0,0,0,0,0,1,2,40,4,6,4,7,7,44,0,2
8/03/2023,3055,False,2023-08-03 11:05:00,8,2,0,2,0,0,0,0,1,0,0,30,2,8,6,6,6,36,1,0
8/03/2023,3055,False,2023-08-03 11:10:00,14,3,1,3,0,0,0,0,1,0,0,25,0,3,2,2,11,39,1,1
8/03/2023,3055,False,2023-08-03 11:15:00,7,0,1,0,0,0,0,0,0,0,0,43,4,8,9,8,9,37,1,1
8/03/2023,3055,False,2023-08-03 11:20:00,3,3,2,2,0,0,0,0,0,0,2,34,2,2,3,2,7,36,3,2
8/03/2023,3055,False,2023-08-03 11:25:00,9,5,3,3,0,0,0,0,0,1,2,36,1,0,7,5,4,46,0,3
8/03/2023,3055,False,2023-08-03 11:30:00,3,1,1,1,0,0,0,0,0,0,0,37,2,3,4,2,6,38,1,1
8/03/2023,3055,False,2023-08-03 11:35:00,9,1,1,3,0,0,0,0,0,0,1,42,1,4,7,6,7,52,1,1
8/03/2023,3055,False,2023-08-03 11:40:00,8,2,1,1,0,0,0,0,1,0,0,57,2,2,4,2,3,37,0,1
8/03/2023,3055,False,2023-08-03 11:45:00,8,3,0,3,0,0,0,0,0,1,0,32,4,4,3,7,7,31,2,0
8/03/2023,3055,False,2023-08-03 11:50:00,3,4,0,4,0,0,0,0,1,0,1,48,1,5,3,4,5,44,1,0
8/03/2023,3055,False,2023-08-03 11:55:00,11,6,2,7,0,0,0,0,1,0,0,40,3,7,2,6,10,36,0,3
8/03/2023,3055,False,2023-08-03 12:00:00,10,2,2,2,0,0,0,0,0,0,0,51,2,2,2,4,10,44,1,2
8/03/2023,3055,False,2023-08-03 12:05:00,7,4,5,3,0,0,0,0,2,1,2,28,2,5,5,5,13,42,3,4
8/03/2023,3055,False,2023-08-03 12:10:00,7,5,2,5,0,0,0,0,0,0,1,28,2,3,2,3,12,43,2,2
8/03/2023,3055,False,2023-08-03 12:15:00,7,2,0,2,0,0,0,0,1,0,0,31,3,2,3,5,8,49,1,0
8/03/2023,3055,False,2023-08-03 12:20:00,9,3,3,2,0,0,0,0,0,0,1,41,1,2,4,2,7,34,0,3
8/03/2023,3055,False,2023-08-03 12:25:00,11,2,2,2,0,0,0,0,0,2,0,34,2,2,4,3,6,37,4,2
8/03/2023,3055,False,2023-08-03 12:30:00,9,2,3,2,0,0,0,0,0,0,1,35,2,4,2,5,12,41,2,3
8/03/2023,3055,False,2023-08-03 12:35:00,17,5,2,3,0,0,0,0,2,1,3,46,1,2,3,1,7,42,1,2
8/03/2023,3055,False,2023-08-03 12:40:00,13,3,1,3,0,0,0,0,1,0,1,43,4,4,4,4,10,37,2,1
8/03/2023,3055,False,2023-08-03 12:45:00,4,0,1,0,0,0,0,0,1,0,0,51,1,4,2,2,7,40,3,1
8/03/2023,3055,False,2023-08-03 12:50:00,7,2,1,2,0,0,0,0,0,0,2,51,2,2,9,4,11,43,0,1
8/03/2023,3055,False,2023-08-03 12:55:00,9,4,2,4,0,0,0,0,1,2,1,35,0,4,6,2,11,33,4,2
8/03/2023,3055,False,2023-08-03 13:00:00,9,4,1,3,0,0,0,0,1,1,2,40,0,3,7,2,5,36,0,1
8/03/2023,3055,False,2023-08-03 13:05:00,18,7,4,7,0,0,0,0,0,1,0,40,1,4,4,2,4,45,3,5
8/03/2023,3055,False,2023-08-03 13:10:00,15,0,1,0,0,0,0,0,1,1,0,50,1,3,3,3,9,39,1,2
8/03/2023,3055,False,2023-08-03 13:15:00,7,7,3,5,0,0,0,0,0,2,2,26,0,4,8,4,10,40,3,3
8/03/2023,3055,False,2023-08-03 13:20:00,11,3,1,2,0,0,0,0,0,1,2,36,1,1,2,1,8,37,1,1
8/03/2023,3055,False,2023-08-03 13:25:00,9,4,1,4,0,0,0,0,1,0,0,52,0,1,4,0,4,46,1,1
8/03/2023,3055,False,2023-08-03 13:30:00,10,4,1,4,0,0,0,0,1,0,2,39,1,3,2,1,4,36,1,2
8/03/2023,3055,False,2023-08-03 13:35:00,17,3,2,2,0,0,0,0,0,1,0,44,5,2,3,5,10,31,2,2
8/03/2023,3055,False,2023-08-03 13:40:00,10,3,2,6,0,0,0,0,1,0,1,33,2,6,1,7,5,29,2,2
8/03/2023,3055,False,2023-08-03 13:45:00,5,4,0,5,0,0,0,0,0,2,0,39,6,6,11,6,4,32,0,1
8/03/2023,3055,False,2023-08-03 13:50:00,9,1,0,1,0,0,0,0,0,0,1,41,2,2,6,2,5,38,0,0
8/03/2023,3055,False,2023-08-03 13:55:00,19,4,2,1,0,0,0,0,0,3,1,44,1,3,4,4,11,30,0,2
8/03/2023,3055,False,2023-08-03 14:00:00,5,53,0,5,0,0,0,0,1,0,48,34,1,2,4,2,8,50,2,0
8/03/2023,3055,False,2023-08-03 14:05:00,7,0,0,0,0,0,0,0,0,0,0,43,2,5,8,2,10,40,0,0
8/03/2023,3055,False,2023-08-03 14:10:00,5,7,4,3,0,0,0,0,0,1,3,44,1,3,6,4,14,50,0,4
8/03/2023,3055,False,2023-08-03 14:15:00,12,1,0,1,0,0,0,0,1,1,0,41,2,2,7,3,8,48,0,0
8/03/2023,3055,False,2023-08-03 14:20:00,9,4,1,4,0,0,0,0,0,0,0,50,1,5,3,3,11,46,0,1
8/03/2023,3055,False,2023-08-03 14:25:00,8,6,3,4,0,0,0,0,0,1,0,23,1,2,8,8,16,36,1,3
8/03/2023,3055,False,2023-08-03 14:30:00,13,4,1,4,0,0,0,0,1,1,0,57,0,1,3,1,8,48,0,1
8/03/2023,3055,False,2023-08-03 14:35:00,14,5,1,6,0,0,0,0,0,1,0,49,1,6,1,3,8,41,1,1
8/03/2023,3055,False,2023-08-03 14:40:00,16,5,0,5,0,0,0,0,1,3,0,45,3,6,6,5,15,46,0,0
8/03/2023,3055,False,2023-08-03 14:45:00,12,7,0,8,0,0,0,0,2,0,2,47,1,4,3,1,8,42,1,0
8/03/2023,3055,False,2023-08-03 14:50:00,12,9,2,8,0,0,0,0,0,2,3,49,0,5,5,2,10,53,1,2
8/03/2023,3055,False,2023-08-03 14:55:00,10,3,0,4,0,0,0,0,0,0,0,51,0,9,6,2,9,50,0,0
8/03/2023,3055,False,2023-08-03 15:00:00,3,3,2,1,0,0,0,0,0,0,1,43,1,10,8,2,12,47,1,3
8/03/2023,3055,False,2023-08-03 15:05:00,13,3,2,3,0,0,0,0,0,1,0,51,3,12,4,7,11,30,1,2
8/03/2023,3055,False,2023-08-03 15:10:00,14,6,2,7,0,0,0,0,0,0,1,25,0,3,12,4,12,42,2,2
8/03/2023,3055,False,2023-08-03 15:15:00,28,5,4,4,0,0,0,0,0,0,1,40,2,4,4,4,9,54,1,4
8/03/2023,3055,False,2023-08-03 15:20:00,17,2,1,1,0,0,0,0,2,0,1,58,4,4,5,5,10,55,3,1
8/03/2023,3055,False,2023-08-03 15:25:00,10,1,1,1,0,0,0,0,2,2,0,47,1,4,4,2,14,48,1,1
8/03/2023,3055,False,2023-08-03 15:30:00,9,4,2,5,0,0,0,0,1,0,1,63,4,3,4,6,16,40,1,2
8/03/2023,3055,False,2023-08-03 15:35:00,6,11,4,11,0,0,0,0,0,2,1,38,2,2,4,6,8,47,0,3
8/03/2023,3055,False,2023-08-03 15:40:00,15,3,1,3,0,0,0,0,0,0,1,49,0,5,2,2,12,37,1,1
8/03/2023,3055,False,2023-08-03 15:45:00,11,9,3,7,0,0,0,0,0,0,2,39,1,5,1,3,9,39,0,3
8/03/2023,3055,False,2023-08-03 15:50:00,11,2,3,2,0,0,0,0,0,1,0,42,1,3,2,3,9,34,1,2
8/03/2023,3055,False,2023-08-03 15:55:00,13,5,0,6,0,0,0,0,0,0,0,36,1,5,2,3,8,35,1,0
8/03/2023,3055,False,2023-08-03 16:00:00,14,6,2,5,0,0,0,0,2,1,2,42,1,3,1,5,17,53,1,2
8/03/2023,3055,False,2023-08-03 16:05:00,13,8,3,6,0,0,0,0,0,3,2,31,1,3,6,6,11,55,1,3
8/03/2023,3055,False,2023-08-03 16:10:00,9,6,4,7,0,0,0,0,1,1,1,52,1,3,1,4,7,52,1,4
8/03/2023,3055,False,2023-08-03 16:15:00,16,6,1,7,0,0,0,0,3,0,0,29,1,8,4,2,9,35,0,1
8/03/2023,3055,False,2023-08-03 16:20:00,11,4,3,8,0,0,0,0,2,0,0,45,3,9,3,3,9,51,2,2
8/03/2023,3055,False,2023-08-03 16:25:00,18,6,1,5,0,0,0,0,0,1,0,52,4,6,8,6,8,42,0,2
8/03/2023,3055,False,2023-08-03 16:30:00,15,13,2,14,0,0,0,0,0,0,0,47,2,5,5,4,13,46,1,3
8/03/2023,3055,False,2023-08-03 16:35:00,9,6,4,9,0,0,0,0,5,1,0,33,3,7,2,6,13,42,1,3
8/03/2023,3055,False,2023-08-03 16:40:00,10,8,2,9,0,0,0,0,2,2,0,42,0,2,3,1,9,32,0,2
8/03/2023,3055,False,2023-08-03 16:45:00,8,6,1,7,0,0,0,0,1,0,0,41,2,5,6,2,7,46,0,1
8/03/2023,3055,False,2023-08-03 16:50:00,7,3,1,3,0,0,0,0,0,1,0,34,2,5,4,4,9,41,3,2
8/03/2023,3055,False,2023-08-03 16:55:00,9,8,3,8,0,0,0,0,0,0,1,50,5,4,1,7,11,40,0,2
8/03/2023,3055,False,2023-08-03 17:00:00,14,3,2,2,0,0,0,0,3,1,0,40,1,6,5,5,10,38,0,1
8/03/2023,3055,False,2023-08-03 17:05:00,11,5,4,5,0,0,0,0,1,1,1,48,1,5,5,6,14,55,1,5
8/03/2023,3055,False,2023-08-03 17:10:00,10,2,2,3,0,0,0,0,0,0,0,45,3,6,3,5,14,48,0,2
8/03/2023,3055,False,2023-08-03 17:15:00,12,4,4,3,0,0,0,0,1,2,0,47,4,2,5,6,11,46,0,3
8/03/2023,3055,False,2023-08-03 17:20:00,10,2,1,3,0,0,0,0,0,1,0,37,1,4,3,3,7,39,1,1
8/03/2023,3055,False,2023-08-03 17:25:00,10,6,1,6,0,0,0,0,0,0,0,44,3,7,3,4,6,44,0,0
8/03/2023,3055,False,2023-08-03 17:30:00,10,4,2,2,0,0,0,0,0,1,2,41,0,1,2,2,9,44,0,2
8/03/2023,3055,False,2023-08-03 17:35:00,9,3,1,2,0,0,0,0,0,2,1,54,1,5,9,1,10,51,2,1
8/03/2023,3055,False,2023-08-03 17:40:00,8,3,3,2,0,0,0,0,0,0,1,40,1,5,4,2,7,53,0,3
8/03/2023,3055,False,2023-08-03 17:45:00,9,1,1,1,0,0,0,0,0,1,0,33,0,3,3,3,11,52,1,1
8/03/2023,3055,False,2023-08-03 17:50:00,12,5,1,7,0,0,0,0,2,1,0,37,2,5,2,2,11,55,0,1
8/03/2023,3055,False,2023-08-03 17:55:00,8,8,4,7,0,0,0,0,0,0,2,26,3,5,4,4,14,54,1,4
8/03/2023,3055,False,2023-08-03 18:00:00,9,6,4,4,0,0,0,0,1,2,2,37,3,8,7,4,7,50,0,4
8/03/2023,3055,False,2023-08-03 18:05:00,15,4,2,5,0,0,0,0,2,1,1,38,0,2,12,5,12,52,0,1
8/03/2023,3055,False,2023-08-03 18:10:00,12,4,1,4,0,0,0,0,1,0,0,35,4,6,5,5,6,34,2,2
8/03/2023,3055,False,2023-08-03 18:15:00,3,1,3,1,0,0,0,0,0,0,0,38,1,1,2,3,6,33,0,2
8/03/2023,3055,False,2023-08-03 18:20:00,7,5,0,5,0,0,0,0,0,0,1,33,2,5,6,4,4,30,0,0
8/03/2023,3055,False,2023-08-03 18:25:00,7,3,0,3,0,0,0,0,0,0,0,40,3,7,5,5,7,36,1,1
8/03/2023,3055,False,2023-08-03 18:30:00,7,0,1,0,0,0,0,0,1,1,0,32,1,5,0,2,6,32,0,0
8/03/2023,3055,False,2023-08-03 18:35:00,3,1,0,1,0,0,0,0,0,0,0,31,3,5,3,3,6,30,0,0
8/03/2023,3055,False,2023-08-03 18:40:00,6,0,0,0,0,0,0,0,0,0,0,22,5,5,5,5,5,16,0,0
8/03/2023,3055,False,2023-08-03 18:45:00,6,1,1,1,0,0,0,0,0,0,1,30,0,3,4,3,1,31,2,1
8/03/2023,3055,False,2023-08-03 18:50:00,10,3,2,2,0,0,0,0,0,0,1,30,1,6,3,2,5,25,1,2
8/03/2023,3055,False,2023-08-03 18:55:00,2,0,1,0,0,0,0,0,0,0,0,45,2,2,4,5,8,39,0,1
8/03/2023,3055,False,2023-08-03 19:00:00,8,0,1,0,0,0,0,0,1,1,0,36,1,1,2,1,5,37,0,1
8/03/2023,3055,False,2023-08-03 19:05:00,4,3,1,3,0,0,0,0,0,0,2,32,12,3,3,23,13,30,2,1
8/03/2023,3055,False,2023-08-03 19:10:00,7,2,1,2,0,0,0,0,0,0,1,23,0,7,7,0,17,27,0,1
8/03/2023,3055,False,2023-08-03 19:15:00,9,2,0,2,0,0,0,0,0,1,1,33,1,1,2,0,5,9,0,0
8/03/2023,3055,False,2023-08-03 19:20:00,5,1,0,1,0,0,0,0,0,0,0,27,1,3,2,1,7,0,0,0
8/03/2023,3055,False,2023-08-03 19:25:00,6,2,0,2,0,0,0,0,0,1,1,41,1,2,4,1,8,15,0,0
8/03/2023,3055,False,2023-08-03 19:30:00,9,0,1,0,0,0,0,0,0,0,0,49,1,3,3,1,8,21,0,1
8/03/2023,3055,False,2023-08-03 19:35:00,7,1,0,1,0,0,0,0,1,0,0,31,0,2,2,0,3,15,0,0
8/03/2023,3055,False,2023-08-03 19:40:00,8,2,0,2,0,0,0,0,0,0,0,32,1,5,6,5,2,23,3,0
8/03/2023,3055,False,2023-08-03 19:45:00,3,0,1,0,0,0,0,0,0,0,0,33,0,6,4,3,3,15,0,1
8/03/2023,3055,False,2023-08-03 19:50:00,8,3,0,3,0,0,0,0,0,1,0,27,1,1,8,2,6,17,0,0
8/03/2023,3055,False,2023-08-03 19:55:00,3,0,1,0,0,0,0,0,0,0,0,20,1,2,3,2,2,21,0,1
8/03/2023,3055,False,2023-08-03 20:00:00,9,2,0,3,0,0,0,0,0,0,0,22,1,2,2,2,1,17,0,0
8/03/2023,3055,False,2023-08-03 20:05:00,4,1,1,1,0,0,0,0,0,0,1,28,0,3,5,1,5,30,1,1
8/03/2023,3055,False,2023-08-03 20:10:00,4,0,0,0,0,0,0,0,0,1,0,26,1,3,2,7,3,14,0,0
8/03/2023,3055,False,2023-08-03 20:15:00,3,1,3,0,0,0,0,0,0,0,1,18,2,1,1,3,4,21,2,3
8/03/2023,3055,False,2023-08-03 20:20:00,6,2,0,2,0,0,0,0,1,0,0,37,1,1,4,2,6,16,0,0
8/03/2023,3055,False,2023-08-03 20:25:00,4,1,0,1,0,0,0,0,0,0,0,31,2,3,5,2,2,18,0,2
8/03/2023,3055,False,2023-08-03 20:30:00,6,1,0,1,0,0,0,0,0,0,1,24,1,4,2,1,4,15,1,0
8/03/2023,3055,False,2023-08-03 20:35:00,3,0,2,0,0,0,0,0,0,0,0,33,1,3,1,1,3,18,0,2
8/03/2023,3055,False,2023-08-03 20:40:00,1,0,0,0,0,0,0,0,0,0,0,28,0,4,0,0,4,10,0,0
8/03/2023,3055,False,2023-08-03 20:45:00,3,0,0,0,0,0,0,0,0,0,0,22,1,2,2,2,4,19,0,0
8/03/2023,3055,False,2023-08-03 20:50:00,0,1,1,1,0,0,0,0,0,0,1,27,0,3,1,1,1,13,0,1
8/03/2023,3055,False,2023-08-03 20:55:00,2,0,0,0,0,0,0,0,0,0,0,21,1,2,0,1,1,13,0,0
8/03/2023,3055,False,2023-08-03 21:00:00,6,0,1,0,0,0,0,0,0,0,0,23,0,2,2,0,1,21,0,1
8/03/2023,3055,False,2023-08-03 21:05:00,3,0,0,0,0,0,0,0,1,0,0,24,1,3,2,1,5,15,0,0
8/03/2023,3055,False,2023-08-03 21:10:00,2,0,0,0,0,0,0,0,0,0,0,19,1,3,3,2,1,11,0,0
8/03/2023,3055,False,2023-08-03 21:15:00,3,0,0,0,0,0,0,0,0,0,0,13,0,3,2,1,3,9,0,0
8/03/2023,3055,False,2023-08-03 21:20:00,1,0,0,0,0,0,0,0,0,0,0,22,0,1,1,0,1,11,0,0
8/03/2023,3055,False,2023-08-03 21:25:00,4,0,0,0,0,0,0,0,0,0,0,23,2,1,3,2,1,9,0,0
8/03/2023,3055,False,2023-08-03 21:30:00,2,0,0,1,0,0,0,0,0,0,0,17,1,0,2,1,1,13,1,0
8/03/2023,3055,False,2023-08-03 21:35:00,0,0,1,0,0,0,0,0,0,1,0,21,0,2,1,0,2,7,0,1
8/03/2023,3055,False,2023-08-03 21:40:00,2,1,0,1,0,0,0,0,0,1,0,21,5,2,5,6,5,7,0,0
8/03/2023,3055,False,2023-08-03 21:45:00,3,0,0,0,0,0,0,0,1,1,0,21,1,4,2,2,4,5,1,0
8/03/2023,3055,False,2023-08-03 21:50:00,1,0,0,0,0,0,0,0,0,0,0,9,2,3,2,3,2,7,0,0
8/03/2023,3055,False,2023-08-03 21:55:00,2,0,0,0,0,0,0,0,0,0,0,18,2,1,2,3,2,12,0,0
8/03/2023,3055,False,2023-08-03 22:00:00,0,0,2,0,0,0,0,0,0,0,0,17,0,2,1,1,0,4,0,2
8/03/2023,3055,False,2023-08-03 22:05:00,1,1,0,1,0,0,0,0,0,0,0,21,0,2,2,0,4,12,0,0
8/03/2023,3055,False,2023-08-03 22:10:00,5,2,1,1,0,0,0,0,0,0,2,17,0,2,2,0,3,8,0,1
8/03/2023,3055,False,2023-08-03 22:15:00,3,1,0,1,0,0,0,0,0,0,0,9,1,2,0,1,0,9,0,0
8/03/2023,3055,False,2023-08-03 22:20:00,0,0,0,0,0,0,0,0,0,0,0,10,1,2,0,1,0,8,0,0
8/03/2023,3055,False,2023-08-03 22:25:00,2,1,0,1,0,0,0,0,0,0,1,14,1,1,0,1,2,6,0,1
8/03/2023,3055,False,2023-08-03 22:30:00,0,0,0,0,0,0,0,0,0,0,0,13,0,2,1,1,0,6,0,0
8/03/2023,3055,False,2023-08-03 22:35:00,0,1,0,1,0,0,0,0,0,0,0,8,0,2,1,1,0,7,1,0
8/03/2023,3055,False,2023-08-03 22:40:00,4,0,0,0,0,0,0,0,0,0,0,11,0,0,1,0,1,7,0,0
8/03/2023,3055,False,2023-08-03 22:45:00,0,0,0,0,0,0,0,0,0,0,0,10,1,2,0,1,1,5,0,0
8/03/2023,3055,False,2023-08-03 22:50:00,0,0,0,0,0,0,0,0,0,0,0,11,0,2,0,0,0,8,0,0
8/03/2023,3055,False,2023-08-03 22:55:00,2,0,0,0,0,0,0,0,0,0,0,7,0,2,2,0,0,6,0,0
8/03/2023,3055,False,2023-08-03 23:00:00,0,0,0,0,0,0,0,0,0,0,0,9,0,1,1,3,0,1,0,0
8/03/2023,3055,False,2023-08-03 23:05:00,1,1,0,1,0,0,0,0,0,0,0,9,2,1,4,2,2,2,1,0
8/03/2023,3055,False,2023-08-03 23:10:00,1,0,0,0,0,0,0,0,0,0,0,9,0,2,1,0,2,8,0,0
8/03/2023,3055,False,2023-08-03 23:15:00,0,1,0,1,0,0,0,0,0,0,1,7,0,1,1,0,0,1,0,0
8/03/2023,3055,False,2023-08-03 23:20:00,1,0,0,0,0,0,0,0,0,0,0,10,0,1,0,0,2,3,0,0
8/03/2023,3055,False,2023-08-03 23:25:00,1,1,0,1,0,0,0,0,0,0,0,8,0,1,0,0,0,5,0,0
8/03/2023,3055,False,2023-08-03 23:30:00,1,0,0,0,0,0,0,0,0,0,0,4,1,1,1,1,1,9,1,0
8/03/2023,3055,False,2023-08-03 23:35:00,0,0,0,0,0,0,0,0,0,2,0,5,0,2,0,1,1,3,0,0
8/03/2023,3055,False,2023-08-03 23:40:00,1,0,0,0,0,0,0,0,0,0,0,4,0,0,0,0,1,2,0,0
8/03/2023,3055,False,2023-08-03 23:45:00,1,1,0,1,0,0,0,0,0,0,0,9,0,1,0,0,0,2,0,0
8/03/2023,3055,False,2023-08-03 23:50:00,0,0,0,0,0,0,0,0,0,0,0,4,0,2,0,0,0,6,0,0
8/03/2023,3055,False,2023-08-03 23:55:00,0,0,0,0,0,0,0,0,0,0,0,6,0,1,2,0,0,3,2,0
